# lead_discovered: byte-identical from existing sources, previously unrecorded (tools/discover.py)
??_Ebad_alloc@std@@UAEPAXI@Z,0x9bad50,0x2d
??_EClosure@protobuf@google@@UAEPAXI@Z,0x9bad50,0x2d
??_GClosure@protobuf@google@@UAEPAXI@Z,0x9bad50,0x2d
?Run@FunctionClosure0@internal@protobuf@google@@UAEXXZ,0x4323d0,0x52
?AlignUpTo8@internal@protobuf@google@@YAII@Z,0x432450,0xe
?SetNoArena@ArenaStringPtr@internal@protobuf@google@@QAEXPBV?$basic_string@DU?$char_traits@D@std@@V?$allocator@D@2@@std@@ABV56@@Z,0x449a30,0x33
??_EMessageLite@protobuf@google@@UAEPAXI@Z,0x9bad50,0x2d
??_GMessageLite@protobuf@google@@UAEPAXI@Z,0x9bad50,0x2d
?New@StringTypeHandler@internal@protobuf@google@@SAPAV?$basic_string@DU?$char_traits@D@std@@V?$allocator@D@2@@std@@PAVArena@34@@Z,0x449c00,0x11
?NewFromPrototype@StringTypeHandler@internal@protobuf@google@@SAPAV?$basic_string@DU?$char_traits@D@std@@V?$allocator@D@2@@std@@PBV56@PAVArena@34@@Z,0x449c20,0x11
?Merge@StringTypeHandler@internal@protobuf@google@@SAXABV?$basic_string@DU?$char_traits@D@std@@V?$allocator@D@2@@std@@PAV56@@Z,0x449c80,0x11
?MergeFromInternal@RepeatedPtrFieldBase@internal@protobuf@google@@AAEXABV1234@P81234@AEXPAPAX1HH@Z@Z,0x449ca0,0x87
?New@Message@protobuf@google@@UBEPAV123@PAVArena@23@@Z,0x4325f0,0x34
??_EMessage@protobuf@google@@UAEPAXI@Z,0x9bad50,0x2d
??_GMessage@protobuf@google@@UAEPAXI@Z,0x9bad50,0x2d
?InitDefaults@protobuf_scoresheet_2eproto@@YAXXZ,0x449d90,0x3e8
?request_public_key@PingResponse@Protobuf@@QBEABV?$basic_string@DU?$char_traits@D@std@@V?$allocator@D@2@@std@@XZ,0x9b6bd0,0x16
?textual_scoresheet@PostScoresheetRequest@Protobuf@@QBEABV?$basic_string@DU?$char_traits@D@std@@V?$allocator@D@2@@std@@XZ,0x9b6bd0,0x16
?url@PostScoresheetResponse@Protobuf@@QBEABV?$basic_string@DU?$char_traits@D@std@@V?$allocator@D@2@@std@@XZ,0x9b6bd0,0x16
?ip@Submission_Envelope@Protobuf@@QBEABV?$basic_string@DU?$char_traits@D@std@@V?$allocator@D@2@@std@@XZ,0x9b6bd0,0x16
?id@Submission@Protobuf@@QBEABV?$basic_string@DU?$char_traits@D@std@@V?$allocator@D@2@@std@@XZ,0x9b6bd0,0x16
?filename@Header@Protobuf@@QBEABV?$basic_string@DU?$char_traits@D@std@@V?$allocator@D@2@@std@@XZ,0x9b6bd0,0x16
?overall@Favorites_Power@Protobuf@@QBEABV?$basic_string@DU?$char_traits@D@std@@V?$allocator@D@2@@std@@XZ,0x9b6bd0,0x16
?overall@Favorites_Propulsion@Protobuf@@QBEABV?$basic_string@DU?$char_traits@D@std@@V?$allocator@D@2@@std@@XZ,0x9b6bd0,0x16
?overall@Favorites_Utility@Protobuf@@QBEABV?$basic_string@DU?$char_traits@D@std@@V?$allocator@D@2@@std@@XZ,0x9b6bd0,0x16
?overall@Favorites_Weapon@Protobuf@@QBEABV?$basic_string@DU?$char_traits@D@std@@V?$allocator@D@2@@std@@XZ,0x9b6bd0,0x16
?name@ClassDistribution_ClassEntry@Protobuf@@QBEABV?$basic_string@DU?$char_traits@D@std@@V?$allocator@D@2@@std@@XZ,0x9b6bd0,0x16
?event@HistoryEventWin@Protobuf@@QBEABV?$basic_string@DU?$char_traits@D@std@@V?$allocator@D@2@@std@@XZ,0x9b6bd0,0x16
?name@CogshopPurchases_Purchase@Protobuf@@QBEABV?$basic_string@DU?$char_traits@D@std@@V?$allocator@D@2@@std@@XZ,0x9b6bd0,0x16
?name@PolymindHostKillLeaderboard_HostRecord@Protobuf@@QBEABV?$basic_string@DU?$char_traits@D@std@@V?$allocator@D@2@@std@@XZ,0x9b6bd0,0x16
?font_set@Options@Protobuf@@QBEABV?$basic_string@DU?$char_traits@D@std@@V?$allocator@D@2@@std@@XZ,0x9b6bd0,0x16
?run_guid@Meta@Protobuf@@QBEABV?$basic_string@DU?$char_traits@D@std@@V?$allocator@D@2@@std@@XZ,0x9b6bd0,0x16
?event@Route_Entry_HistoryEvent@Protobuf@@QBEABV?$basic_string@DU?$char_traits@D@std@@V?$allocator@D@2@@std@@XZ,0x9b6bd0,0x16
?name@Route_Entry_ObtainedSchematic@Protobuf@@QBEABV?$basic_string@DU?$char_traits@D@std@@V?$allocator@D@2@@std@@XZ,0x9b6bd0,0x16
?name@Route_Entry_FabricatedObject@Protobuf@@QBEABV?$basic_string@DU?$char_traits@D@std@@V?$allocator@D@2@@std@@XZ,0x9b6bd0,0x16
?name@Route_Entry_RepairedObject@Protobuf@@QBEABV?$basic_string@DU?$char_traits@D@std@@V?$allocator@D@2@@std@@XZ,0x9b6bd0,0x16
?name@Route_Entry_ObtainedStudy@Protobuf@@QBEABV?$basic_string@DU?$char_traits@D@std@@V?$allocator@D@2@@std@@XZ,0x9b6bd0,0x16
??0StaticDescriptorInitializer@protobuf_scoresheet_2eproto@@QAE@XZ,0x4dbd80,0x13
??_GPingRequest@Protobuf@@UAEPAXI@Z,0x9bad50,0x2d
??_EPingResponse@Protobuf@@UAEPAXI@Z,0x9bad50,0x2d
??_EPostScoresheetRequest@Protobuf@@UAEPAXI@Z,0x9bad50,0x2d
??_GPostScoresheetResponse@Protobuf@@UAEPAXI@Z,0x9bad50,0x2d
??_GSubmission_CreatedAt@Protobuf@@UAEPAXI@Z,0x9bad50,0x2d
??_GSubmission_Envelope@Protobuf@@UAEPAXI@Z,0x9bad50,0x2d
??_GSubmission@Protobuf@@UAEPAXI@Z,0x9bad50,0x2d
??_EScoresheet@Protobuf@@UAEPAXI@Z,0x9bad50,0x2d
??_GHeader@Protobuf@@UAEPAXI@Z,0x9bad50,0x2d
??_EPerformance_Entry@Protobuf@@UAEPAXI@Z,0x9bad50,0x2d
??_EPerformance@Protobuf@@UAEPAXI@Z,0x9bad50,0x2d
??_EBonus@Protobuf@@UAEPAXI@Z,0x9bad50,0x2d
??_ELocation@Protobuf@@UAEPAXI@Z,0x9bad50,0x2d
??_GCogmind_VariableValue@Protobuf@@UAEPAXI@Z,0x9bad50,0x2d
??_GCogmind_Corruption@Protobuf@@UAEPAXI@Z,0x9bad50,0x2d
??_GCogmind_Temperature@Protobuf@@UAEPAXI@Z,0x9bad50,0x2d
??_ECogmind_Movement@Protobuf@@UAEPAXI@Z,0x9bad50,0x2d
??_ECogmind@Protobuf@@UAEPAXI@Z,0x9bad50,0x2d
??_EPartSection@Protobuf@@UAEPAXI@Z,0x9bad50,0x2d
??_EParts@Protobuf@@UAEPAXI@Z,0x9bad50,0x2d
??_GPeakState@Protobuf@@UAEPAXI@Z,0x9bad50,0x2d
??_EFavorites_Power@Protobuf@@UAEPAXI@Z,0x9bad50,0x2d
??_EFavorites_Propulsion@Protobuf@@UAEPAXI@Z,0x9bad50,0x2d
??_EFavorites_Utility@Protobuf@@UAEPAXI@Z,0x9bad50,0x2d
??_GFavorites_Weapon@Protobuf@@UAEPAXI@Z,0x9bad50,0x2d
??_GFavorites@Protobuf@@UAEPAXI@Z,0x9bad50,0x2d
??_GClassDistribution_ClassEntry@Protobuf@@UAEPAXI@Z,0x9bad50,0x2d
??_EClassDistribution@Protobuf@@UAEPAXI@Z,0x9bad50,0x2d
??_ELastMessages@Protobuf@@UAEPAXI@Z,0x9bad50,0x2d
??_EHistoryEventWin@Protobuf@@UAEPAXI@Z,0x9bad50,0x2d
??_EMap@Protobuf@@UAEPAXI@Z,0x9bad50,0x2d
??_GBestStates@Protobuf@@UAEPAXI@Z,0x9bad50,0x2d
??_EAlienTechUsed@Protobuf@@UAEPAXI@Z,0x9bad50,0x2d
??_EAchievements@Protobuf@@UAEPAXI@Z,0x9bad50,0x2d
??_GChallenges@Protobuf@@UAEPAXI@Z,0x9bad50,0x2d
??_ECogshopPurchases_Purchase@Protobuf@@UAEPAXI@Z,0x9bad50,0x2d
??_ECogshopPurchases@Protobuf@@UAEPAXI@Z,0x9bad50,0x2d
??_EPolymindHostKillLeaderboard_HostRecord@Protobuf@@UAEPAXI@Z,0x9bad50,0x2d
??_GPolymindHostKillLeaderboard@Protobuf@@UAEPAXI@Z,0x9bad50,0x2d
??_EGame@Protobuf@@UAEPAXI@Z,0x9bad50,0x2d
??_EOptions@Protobuf@@UAEPAXI@Z,0x9bad50,0x2d
??_GMeta@Protobuf@@UAEPAXI@Z,0x9bad50,0x2d
??_GRoute_Entry_DiscoveredExit@Protobuf@@UAEPAXI@Z,0x9bad50,0x2d
??_GRoute_Entry_HistoryEvent@Protobuf@@UAEPAXI@Z,0x9bad50,0x2d
??_ERoute_Entry_ObtainedSchematic@Protobuf@@UAEPAXI@Z,0x9bad50,0x2d
??_GRoute_Entry_FabricatedObject@Protobuf@@UAEPAXI@Z,0x9bad50,0x2d
??_GRoute_Entry_RepairedObject@Protobuf@@UAEPAXI@Z,0x9bad50,0x2d
??_GRoute_Entry_ObtainedStudy@Protobuf@@UAEPAXI@Z,0x9bad50,0x2d
??_GRoute_Entry_Factors@Protobuf@@UAEPAXI@Z,0x9bad50,0x2d
??_GRoute_Entry@Protobuf@@UAEPAXI@Z,0x9bad50,0x2d
??_GRoute@Protobuf@@UAEPAXI@Z,0x9bad50,0x2d
??_GStats_Build_SlotsEvolved@Protobuf@@UAEPAXI@Z,0x9bad50,0x2d
??_GStats_Build_PartsAttached_Power@Protobuf@@UAEPAXI@Z,0x9bad50,0x2d
??_GStats_Build_PartsAttached_Propulsion@Protobuf@@UAEPAXI@Z,0x9bad50,0x2d
??_EStats_Build_PartsAttached_Utility@Protobuf@@UAEPAXI@Z,0x9bad50,0x2d
??_EStats_Build_PartsAttached_Weapon@Protobuf@@UAEPAXI@Z,0x9bad50,0x2d
??_EStats_Build_PartsAttached_CorruptedParts@Protobuf@@UAEPAXI@Z,0x9bad50,0x2d
??_GStats_Build_PartsAttached@Protobuf@@UAEPAXI@Z,0x9bad50,0x2d
??_EStats_Build_PartsLost@Protobuf@@UAEPAXI@Z,0x9bad50,0x2d
??_GStats_Build_AverageSpares@Protobuf@@UAEPAXI@Z,0x9bad50,0x2d
??_EStats_Build_UnusedSpares@Protobuf@@UAEPAXI@Z,0x9bad50,0x2d
??_GStats_Build_AverageSlotUsagePercent@Protobuf@@UAEPAXI@Z,0x9bad50,0x2d
??_EStats_Build_PeakBuildRating@Protobuf@@UAEPAXI@Z,0x9bad50,0x2d
??_EStats_Build_HeaviestBuild@Protobuf@@UAEPAXI@Z,0x9bad50,0x2d
??_GStats_Build_LargestInventoryCapacity@Protobuf@@UAEPAXI@Z,0x9bad50,0x2d
??_EStats_Build_ScrapEngineConsumption@Protobuf@@UAEPAXI@Z,0x9bad50,0x2d
??_EStats_Build_ScrapSuitUsage@Protobuf@@UAEPAXI@Z,0x9bad50,0x2d
??_EStats_Build_TransmogrifiedParts@Protobuf@@UAEPAXI@Z,0x9bad50,0x2d
??_GStats_Build@Protobuf@@UAEPAXI@Z,0x9bad50,0x2d
??_EStats_Resources_MatterCollected@Protobuf@@UAEPAXI@Z,0x9bad50,0x2d
??_EStats_Resources_SalvageCreated@Protobuf@@UAEPAXI@Z,0x9bad50,0x2d
??_GStats_Resources_PartsFieldRecycled@Protobuf@@UAEPAXI@Z,0x9bad50,0x2d
??_GStats_Resources_PartsSelfDestructed@Protobuf@@UAEPAXI@Z,0x9bad50,0x2d
??_EStats_Resources_PartsRestored@Protobuf@@UAEPAXI@Z,0x9bad50,0x2d
??_EStats_Resources@Protobuf@@UAEPAXI@Z,0x9bad50,0x2d
??_GStats_Kills_CombatHostilesDestroyed@Protobuf@@UAEPAXI@Z,0x9bad50,0x2d
??_GStats_Kills_ClassesDestroyed@Protobuf@@UAEPAXI@Z,0x9bad50,0x2d
??_EStats_Kills_BestKillStreak@Protobuf@@UAEPAXI@Z,0x9bad50,0x2d
??_EStats_Kills_MaxKillsInSingleTurn@Protobuf@@UAEPAXI@Z,0x9bad50,0x2d
??_EStats_Kills@Protobuf@@UAEPAXI@Z,0x9bad50,0x2d
??_EStats_Combat_HostileShotsFired_Hits@Protobuf@@UAEPAXI@Z,0x9bad50,0x2d
??_GStats_Combat_HostileShotsFired_CriticalStrikes@Protobuf@@UAEPAXI@Z,0x9bad50,0x2d
??_EStats_Combat_HostileShotsFired_PartDisruptions@Protobuf@@UAEPAXI@Z,0x9bad50,0x2d
??_GStats_Combat_HostileShotsFired@Protobuf@@UAEPAXI@Z,0x9bad50,0x2d
??_EStats_Combat_DamageTaken@Protobuf@@UAEPAXI@Z,0x9bad50,0x2d
??_EStats_Combat_VolleysFired@Protobuf@@UAEPAXI@Z,0x9bad50,0x2d
??_GStats_Combat_ShotsFired_SecondaryTargets@Protobuf@@UAEPAXI@Z,0x9bad50,0x2d
??_EStats_Combat_ShotsFired@Protobuf@@UAEPAXI@Z,0x9bad50,0x2d
??_EStats_Combat_ShotsHitRobots_CriticalStrikes@Protobuf@@UAEPAXI@Z,0x9bad50,0x2d
??_EStats_Combat_ShotsHitRobots@Protobuf@@UAEPAXI@Z,0x9bad50,0x2d
??_GStats_Combat_MeleeAttacks_SneakAttacks@Protobuf@@UAEPAXI@Z,0x9bad50,0x2d
??_GStats_Combat_MeleeAttacks@Protobuf@@UAEPAXI@Z,0x9bad50,0x2d
??_GStats_Combat_DamageInflicted@Protobuf@@UAEPAXI@Z,0x9bad50,0x2d
??_GStats_Combat_HighestCorruption_Effects@Protobuf@@UAEPAXI@Z,0x9bad50,0x2d
??_GStats_Combat_HighestCorruption@Protobuf@@UAEPAXI@Z,0x9bad50,0x2d
??_GStats_Combat_OverloadShots_Effects@Protobuf@@UAEPAXI@Z,0x9bad50,0x2d
??_EStats_Combat_OverloadShots@Protobuf@@UAEPAXI@Z,0x9bad50,0x2d
??_EStats_Combat_OverflowDamage@Protobuf@@UAEPAXI@Z,0x9bad50,0x2d
??_EStats_Combat_Knockbacks@Protobuf@@UAEPAXI@Z,0x9bad50,0x2d
??_EStats_Combat_SelfInflictedDamage@Protobuf@@UAEPAXI@Z,0x9bad50,0x2d
??_GStats_Combat_TargetsRammed@Protobuf@@UAEPAXI@Z,0x9bad50,0x2d
??_EStats_Combat_HighestTemperature_Effects@Protobuf@@UAEPAXI@Z,0x9bad50,0x2d
??_EStats_Combat_HighestTemperature@Protobuf@@UAEPAXI@Z,0x9bad50,0x2d
??_GStats_Combat_SiegeActivations@Protobuf@@UAEPAXI@Z,0x9bad50,0x2d
??_GStats_Combat_MartialActivations@Protobuf@@UAEPAXI@Z,0x9bad50,0x2d
??_EStats_Combat_ShieldingActivations@Protobuf@@UAEPAXI@Z,0x9bad50,0x2d
??_EStats_Combat_RobotsDisrupted@Protobuf@@UAEPAXI@Z,0x9bad50,0x2d
??_EStats_Combat_RobotsCorrupted@Protobuf@@UAEPAXI@Z,0x9bad50,0x2d
??_GStats_Combat_RobotsMelted@Protobuf@@UAEPAXI@Z,0x9bad50,0x2d
??_EStats_Combat_LatentEnergyUsed@Protobuf@@UAEPAXI@Z,0x9bad50,0x2d
??_EStats_Combat@Protobuf@@UAEPAXI@Z,0x9bad50,0x2d
??_EStats_Alert_MaximumAlertLevel@Protobuf@@UAEPAXI@Z,0x9bad50,0x2d
??_GStats_Alert_PeakInfluence@Protobuf@@UAEPAXI@Z,0x9bad50,0x2d
??_GStats_Alert_InfluenceIncreases@Protobuf@@UAEPAXI@Z,0x9bad50,0x2d
??_GStats_Alert_InfluenceDecreases@Protobuf@@UAEPAXI@Z,0x9bad50,0x2d
??_GStats_Alert_SquadsDispatched@Protobuf@@UAEPAXI@Z,0x9bad50,0x2d
??_GStats_Alert@Protobuf@@UAEPAXI@Z,0x9bad50,0x2d
??_EStats_Stealth_CommunicationsJammed@Protobuf@@UAEPAXI@Z,0x9bad50,0x2d
??_EStats_Stealth_TimesSpotted@Protobuf@@UAEPAXI@Z,0x9bad50,0x2d
??_EStats_Stealth_IdMasksUsed@Protobuf@@UAEPAXI@Z,0x9bad50,0x2d
??_EStats_Stealth@Protobuf@@UAEPAXI@Z,0x9bad50,0x2d
??_EStats_Traps_TrapsTriggered@Protobuf@@UAEPAXI@Z,0x9bad50,0x2d
??_GStats_Traps_TrapHackAttempts@Protobuf@@UAEPAXI@Z,0x9bad50,0x2d
??_GStats_Traps_TrapsExtracted@Protobuf@@UAEPAXI@Z,0x9bad50,0x2d
??_GStats_Traps_ObjectsRigged@Protobuf@@UAEPAXI@Z,0x9bad50,0x2d
??_GStats_Traps_TimeBombsActivated@Protobuf@@UAEPAXI@Z,0x9bad50,0x2d
??_GStats_Traps@Protobuf@@UAEPAXI@Z,0x9bad50,0x2d
??_EStats_Machines_MachinesDisabled@Protobuf@@UAEPAXI@Z,0x9bad50,0x2d
??_EStats_Machines@Protobuf@@UAEPAXI@Z,0x9bad50,0x2d
??_EStats_Hacking_MachinesAccessed@Protobuf@@UAEPAXI@Z,0x9bad50,0x2d
??_EStats_Hacking_TotalHacks_Failed@Protobuf@@UAEPAXI@Z,0x9bad50,0x2d
??_GStats_Hacking_TotalHacks@Protobuf@@UAEPAXI@Z,0x9bad50,0x2d
??_EStats_Hacking_TerminalHacks@Protobuf@@UAEPAXI@Z,0x9bad50,0x2d
??_GStats_Hacking_FabricatorHacks@Protobuf@@UAEPAXI@Z,0x9bad50,0x2d
??_EStats_Hacking_RepairStationHacks@Protobuf@@UAEPAXI@Z,0x9bad50,0x2d
??_GStats_Hacking_RecyclingUnitHacks@Protobuf@@UAEPAXI@Z,0x9bad50,0x2d
??_EStats_Hacking_Scanalyzer@Protobuf@@UAEPAXI@Z,0x9bad50,0x2d
??_GStats_Hacking_GarrisonAccessHacks@Protobuf@@UAEPAXI@Z,0x9bad50,0x2d
??_GStats_Hacking_UnauthorizedHacks_Terminals@Protobuf@@UAEPAXI@Z,0x9bad50,0x2d
??_EStats_Hacking_UnauthorizedHacks_Fabricators@Protobuf@@UAEPAXI@Z,0x9bad50,0x2d
??_GStats_Hacking_UnauthorizedHacks_RepairStations@Protobuf@@UAEPAXI@Z,0x9bad50,0x2d
??_EStats_Hacking_UnauthorizedHacks_RecyclingUnits@Protobuf@@UAEPAXI@Z,0x9bad50,0x2d
??_EStats_Hacking_UnauthorizedHacks_Scanalyzers@Protobuf@@UAEPAXI@Z,0x9bad50,0x2d
??_EStats_Hacking_UnauthorizedHacks_GarrisonAccess@Protobuf@@UAEPAXI@Z,0x9bad50,0x2d
??_GStats_Hacking_UnauthorizedHacks@Protobuf@@UAEPAXI@Z,0x9bad50,0x2d
??_GStats_Hacking_DataCoresRecovered@Protobuf@@UAEPAXI@Z,0x9bad50,0x2d
??_GStats_Hacking_HackingDetections_FeedbackEvents@Protobuf@@UAEPAXI@Z,0x9bad50,0x2d
??_GStats_Hacking_HackingDetections@Protobuf@@UAEPAXI@Z,0x9bad50,0x2d
??_GStats_Hacking_RobotSchematicsAcquired_RobotsBuilt@Protobuf@@UAEPAXI@Z,0x9bad50,0x2d
??_GStats_Hacking_RobotSchematicsAcquired@Protobuf@@UAEPAXI@Z,0x9bad50,0x2d
??_EStats_Hacking_PartSchematicsAcquired_PartsBuilt@Protobuf@@UAEPAXI@Z,0x9bad50,0x2d
??_GStats_Hacking_PartSchematicsAcquired@Protobuf@@UAEPAXI@Z,0x9bad50,0x2d
??_GStats_Hacking_PartsRepaired@Protobuf@@UAEPAXI@Z,0x9bad50,0x2d
??_EStats_Hacking_PartsRecycled@Protobuf@@UAEPAXI@Z,0x9bad50,0x2d
??_GStats_Hacking_PartsScanalyzed@Protobuf@@UAEPAXI@Z,0x9bad50,0x2d
??_EStats_Hacking@Protobuf@@UAEPAXI@Z,0x9bad50,0x2d
??_EStats_Bothacking_UsedRifInstaller@Protobuf@@UAEPAXI@Z,0x9bad50,0x2d
??_EStats_Bothacking_RobotsHacked@Protobuf@@UAEPAXI@Z,0x9bad50,0x2d
??_GStats_Bothacking_RobotHacksApplied@Protobuf@@UAEPAXI@Z,0x9bad50,0x2d
??_GStats_Bothacking_RelayCouplersReleased@Protobuf@@UAEPAXI@Z,0x9bad50,0x2d
??_EStats_Bothacking_FabnetPeakEffectivePercent@Protobuf@@UAEPAXI@Z,0x9bad50,0x2d
??_EStats_Bothacking@Protobuf@@UAEPAXI@Z,0x9bad50,0x2d
??_GStats_Allies_TotalAllies@Protobuf@@UAEPAXI@Z,0x9bad50,0x2d
??_EStats_Allies_ZioniteDispatches@Protobuf@@UAEPAXI@Z,0x9bad50,0x2d
??_EStats_Allies_WarlordSquadRendezvous@Protobuf@@UAEPAXI@Z,0x9bad50,0x2d
??_EStats_Allies_TotalOrders@Protobuf@@UAEPAXI@Z,0x9bad50,0x2d
??_GStats_Allies_AllyAttacks@Protobuf@@UAEPAXI@Z,0x9bad50,0x2d
??_EStats_Allies_BorgCreated@Protobuf@@UAEPAXI@Z,0x9bad50,0x2d
??_EStats_Allies_XomAmusementGains@Protobuf@@UAEPAXI@Z,0x9bad50,0x2d
??_GStats_Allies@Protobuf@@UAEPAXI@Z,0x9bad50,0x2d
??_GStats_Intel_ActiveInfowar@Protobuf@@UAEPAXI@Z,0x9bad50,0x2d
??_GStats_Intel_DroneLaunches@Protobuf@@UAEPAXI@Z,0x9bad50,0x2d
??_GStats_Intel_Decoded0b10Intel@Protobuf@@UAEPAXI@Z,0x9bad50,0x2d
??_EStats_Intel_ZioniteIntelReceived@Protobuf@@UAEPAXI@Z,0x9bad50,0x2d
??_GStats_Intel@Protobuf@@UAEPAXI@Z,0x9bad50,0x2d
??_GStats_Exploration_SpacesMoved@Protobuf@@UAEPAXI@Z,0x9bad50,0x2d
??_EStats_Exploration_ExplorationRatePercent_RegionsVisited@Protobuf@@UAEPAXI@Z,0x9bad50,0x2d
??_EStats_Exploration_ExplorationRatePercent@Protobuf@@UAEPAXI@Z,0x9bad50,0x2d
??_EStats_Exploration_TerrainDestroyed@Protobuf@@UAEPAXI@Z,0x9bad50,0x2d
??_GStats_Exploration_TerrainRammed@Protobuf@@UAEPAXI@Z,0x9bad50,0x2d
??_EStats_Exploration@Protobuf@@UAEPAXI@Z,0x9bad50,0x2d
??_EStats_Actions_Total@Protobuf@@UAEPAXI@Z,0x9bad50,0x2d
??_EStats_Actions@Protobuf@@UAEPAXI@Z,0x9bad50,0x2d
??_GStats_Rpglike_LevelsRaised@Protobuf@@UAEPAXI@Z,0x9bad50,0x2d
??_EStats_Rpglike_Upgrades@Protobuf@@UAEPAXI@Z,0x9bad50,0x2d
??_GStats_Rpglike_ProtomatterCreated_IntegrityRestored@Protobuf@@UAEPAXI@Z,0x9bad50,0x2d
??_EStats_Rpglike_ProtomatterCreated@Protobuf@@UAEPAXI@Z,0x9bad50,0x2d
??_GStats_Rpglike@Protobuf@@UAEPAXI@Z,0x9bad50,0x2d
??_EStats_Player2_SlotsEvolved@Protobuf@@UAEPAXI@Z,0x9bad50,0x2d
??_EStats_Player2_DamageTaken_CoreDamage@Protobuf@@UAEPAXI@Z,0x9bad50,0x2d
??_EStats_Player2_DamageTaken@Protobuf@@UAEPAXI@Z,0x9bad50,0x2d
??_EStats_Player2_DamageInflicted@Protobuf@@UAEPAXI@Z,0x9bad50,0x2d
??_EStats_Player2_CombatHostilesDestroyed@Protobuf@@UAEPAXI@Z,0x9bad50,0x2d
??_EStats_Player2@Protobuf@@UAEPAXI@Z,0x9bad50,0x2d
??_GStats_Polymind_Hosts@Protobuf@@UAEPAXI@Z,0x9bad50,0x2d
??_GStats_Polymind_AverageSuspicion@Protobuf@@UAEPAXI@Z,0x9bad50,0x2d
??_GStats_Polymind_ProtomatterCreated@Protobuf@@UAEPAXI@Z,0x9bad50,0x2d
??_EStats_Polymind@Protobuf@@UAEPAXI@Z,0x9bad50,0x2d
??_EStats@Protobuf@@UAEPAXI@Z,0x9bad50,0x2d
?assign@?$basic_string@DU?$char_traits@D@std@@V?$allocator@D@2@@std@@QAEAAV12@ABV12@@Z,0x9af510,0x21
??0?$ExtensionIdentifier@VFieldOptions@protobuf@google@@VStringTypeTraits@internal@23@$08$0A@@internal@protobuf@google@@QAE@HABV?$basic_string@DU?$char_traits@D@std@@V?$allocator@D@2@@std@@@Z,0x9b6410,0x2d
??0?$ExtensionIdentifier@VFieldOptions@protobuf@google@@V?$PrimitiveTypeTraits@H@internal@23@$04$0A@@internal@protobuf@google@@QAE@HH@Z,0x9b6410,0x2d
??0?$ExtensionIdentifier@VFieldOptions@protobuf@google@@V?$PrimitiveTypeTraits@_N@internal@23@$07$0A@@internal@protobuf@google@@QAE@H_N@Z,0x9b6470,0x2d
??0?$ExtensionIdentifier@VEnumValueOptions@protobuf@google@@VStringTypeTraits@internal@23@$08$0A@@internal@protobuf@google@@QAE@HABV?$basic_string@DU?$char_traits@D@std@@V?$allocator@D@2@@std@@@Z,0x9b6410,0x2d
?mutable_unknown_fields_slow@?$InternalMetadataWithArenaBase@VUnknownFieldSet@protobuf@google@@VInternalMetadataWithArena@internal@23@@internal@protobuf@google@@AAEPAVUnknownFieldSet@34@XZ,0x9bf8f0,0x48
?Register@?$ExtensionIdentifier@VFieldOptions@protobuf@google@@VStringTypeTraits@internal@23@$08$0A@@internal@protobuf@google@@SAXH@Z,0x9bf940,0x15
?Register@?$ExtensionIdentifier@VFieldOptions@protobuf@google@@V?$PrimitiveTypeTraits@H@internal@23@$04$0A@@internal@protobuf@google@@SAXH@Z,0x9bf960,0x15
?Register@?$ExtensionIdentifier@VFieldOptions@protobuf@google@@V?$PrimitiveTypeTraits@_N@internal@23@$07$0A@@internal@protobuf@google@@SAXH@Z,0x9bf980,0x15
?Register@?$ExtensionIdentifier@VEnumValueOptions@protobuf@google@@VStringTypeTraits@internal@23@$08$0A@@internal@protobuf@google@@SAXH@Z,0x9bf940,0x15
??$Create@V?$basic_string@DU?$char_traits@D@std@@V?$allocator@D@2@@std@@@Arena@protobuf@google@@SAPAV?$basic_string@DU?$char_traits@D@std@@V?$allocator@D@2@@std@@PAV012@@Z,0x9cf750,0x4f
??$Create@UContainer@?$InternalMetadataWithArenaBase@VUnknownFieldSet@protobuf@google@@VInternalMetadataWithArena@internal@23@@internal@protobuf@google@@@Arena@protobuf@google@@SAPAUContainer@?$InternalMetadataWithArenaBase@VUnknownFieldSet@protobuf@google@@VInternalMetadataWithArena@internal@23@@internal@12@PAV012@@Z,0x9e4950,0x4f
??$Register@VFieldOptions@protobuf@google@@@StringTypeTraits@internal@protobuf@google@@SAXHE_N@Z,0x9e49a0,0x23
??$Register@VFieldOptions@protobuf@google@@@?$PrimitiveTypeTraits@H@internal@protobuf@google@@SAXHE_N@Z,0x9e49a0,0x23
??$Register@VFieldOptions@protobuf@google@@@?$PrimitiveTypeTraits@_N@internal@protobuf@google@@SAXHE_N@Z,0x9e49a0,0x23
??$Register@VEnumValueOptions@protobuf@google@@@StringTypeTraits@internal@protobuf@google@@SAXHE_N@Z,0x9e49a0,0x23
??0Container@?$InternalMetadataWithArenaBase@VUnknownFieldSet@protobuf@google@@VInternalMetadataWithArena@internal@23@@internal@protobuf@google@@QAE@XZ,0x9b8dc0,0x16
??0bad_alloc@std@@QAE@ABV01@@Z,0x9e7690,0x26
??$CreateInternal@V?$basic_string@DU?$char_traits@D@std@@V?$allocator@D@2@@std@@@Arena@protobuf@google@@AAEPAV?$basic_string@DU?$char_traits@D@std@@V?$allocator@D@2@@std@@_N@Z,0x9ec8e0,0x53
?MergeFrom@?$RepeatedPtrField@V?$basic_string@DU?$char_traits@D@std@@V?$allocator@D@2@@std@@@protobuf@google@@QAEXABV123@@Z,0x9af370,0x19
?CopyArray@?$RepeatedField@H@protobuf@google@@AAEXPAHPBHH@Z,0x9eccd0,0x28
?MergeFrom@?$RepeatedPtrField@VClassDistribution_ClassEntry@Protobuf@@@protobuf@google@@QAEXABV123@@Z,0x9af370,0x19
?MergeFrom@?$RepeatedPtrField@VCogshopPurchases_Purchase@Protobuf@@@protobuf@google@@QAEXABV123@@Z,0x9af370,0x19
?MergeFrom@?$RepeatedPtrField@VPolymindHostKillLeaderboard_HostRecord@Protobuf@@@protobuf@google@@QAEXABV123@@Z,0x9af370,0x19
?MergeFrom@?$RepeatedPtrField@VRoute_Entry_DiscoveredExit@Protobuf@@@protobuf@google@@QAEXABV123@@Z,0x9af370,0x19
?MergeFrom@?$RepeatedPtrField@VRoute_Entry_HistoryEvent@Protobuf@@@protobuf@google@@QAEXABV123@@Z,0x9af370,0x19
?MergeFrom@?$RepeatedPtrField@VRoute_Entry_ObtainedSchematic@Protobuf@@@protobuf@google@@QAEXABV123@@Z,0x9af370,0x19
?MergeFrom@?$RepeatedPtrField@VRoute_Entry_FabricatedObject@Protobuf@@@protobuf@google@@QAEXABV123@@Z,0x9af370,0x19
?MergeFrom@?$RepeatedPtrField@VRoute_Entry_RepairedObject@Protobuf@@@protobuf@google@@QAEXABV123@@Z,0x9af370,0x19
?MergeFrom@?$RepeatedPtrField@VRoute_Entry_ObtainedStudy@Protobuf@@@protobuf@google@@QAEXABV123@@Z,0x9af370,0x19
?MergeFrom@?$RepeatedPtrField@VRoute_Entry@Protobuf@@@protobuf@google@@QAEXABV123@@Z,0x9af370,0x19
??$CreateInternal@UContainer@?$InternalMetadataWithArenaBase@VUnknownFieldSet@protobuf@google@@VInternalMetadataWithArena@internal@23@@internal@protobuf@google@@@Arena@protobuf@google@@AAEPAUContainer@?$InternalMetadataWithArenaBase@VUnknownFieldSet@protobuf@google@@VInternalMetadataWithArena@internal@23@@internal@12@_N@Z,0x9f0f20,0x53
?GetArenaNoVirtual@?$RepeatedField@H@protobuf@google@@ABEPAVArena@23@XZ,0x9f5800,0x2d
??R?$ElementCopier@H$00@internal@protobuf@google@@QAEXPAHPBHH@Z,0x9f5e80,0x24
?MoveArray@?$RepeatedField@H@protobuf@google@@AAEXPAH0H@Z,0x9b0860,0x21
??$max@H@std@@YAABHABH0@Z,0x9f68e0,0x2d
??$CreateArray@D@Arena@protobuf@google@@SAPADPAV012@I@Z,0x9f6910,0xe6
?NewFromPrototype@?$GenericTypeHandler@VClassDistribution_ClassEntry@Protobuf@@@internal@protobuf@google@@SAPAVClassDistribution_ClassEntry@Protobuf@@PBV56@PAVArena@34@@Z,0x449c20,0x11
?NewFromPrototype@?$GenericTypeHandler@VCogshopPurchases_Purchase@Protobuf@@@internal@protobuf@google@@SAPAVCogshopPurchases_Purchase@Protobuf@@PBV56@PAVArena@34@@Z,0x449c20,0x11
?NewFromPrototype@?$GenericTypeHandler@VPolymindHostKillLeaderboard_HostRecord@Protobuf@@@internal@protobuf@google@@SAPAVPolymindHostKillLeaderboard_HostRecord@Protobuf@@PBV56@PAVArena@34@@Z,0x449c20,0x11
?NewFromPrototype@?$GenericTypeHandler@VRoute_Entry_DiscoveredExit@Protobuf@@@internal@protobuf@google@@SAPAVRoute_Entry_DiscoveredExit@Protobuf@@PBV56@PAVArena@34@@Z,0x449c20,0x11
?NewFromPrototype@?$GenericTypeHandler@VRoute_Entry_HistoryEvent@Protobuf@@@internal@protobuf@google@@SAPAVRoute_Entry_HistoryEvent@Protobuf@@PBV56@PAVArena@34@@Z,0x449c20,0x11
?NewFromPrototype@?$GenericTypeHandler@VRoute_Entry_ObtainedSchematic@Protobuf@@@internal@protobuf@google@@SAPAVRoute_Entry_ObtainedSchematic@Protobuf@@PBV56@PAVArena@34@@Z,0x449c20,0x11
?NewFromPrototype@?$GenericTypeHandler@VRoute_Entry_FabricatedObject@Protobuf@@@internal@protobuf@google@@SAPAVRoute_Entry_FabricatedObject@Protobuf@@PBV56@PAVArena@34@@Z,0x449c20,0x11
?NewFromPrototype@?$GenericTypeHandler@VRoute_Entry_RepairedObject@Protobuf@@@internal@protobuf@google@@SAPAVRoute_Entry_RepairedObject@Protobuf@@PBV56@PAVArena@34@@Z,0x449c20,0x11
?NewFromPrototype@?$GenericTypeHandler@VRoute_Entry_ObtainedStudy@Protobuf@@@internal@protobuf@google@@SAPAVRoute_Entry_ObtainedStudy@Protobuf@@PBV56@PAVArena@34@@Z,0x449c20,0x11
?NewFromPrototype@?$GenericTypeHandler@VRoute_Entry@Protobuf@@@internal@protobuf@google@@SAPAVRoute_Entry@Protobuf@@PBV56@PAVArena@34@@Z,0x449c20,0x11
??$arena_destruct_object@V?$basic_string@DU?$char_traits@D@std@@V?$allocator@D@2@@std@@@internal@protobuf@google@@YAXPAX@Z,0x9f3b70,0xf
??$MergeFromInnerLoop@VTypeHandler@?$RepeatedPtrField@V?$basic_string@DU?$char_traits@D@std@@V?$allocator@D@2@@std@@@protobuf@google@@@RepeatedPtrFieldBase@internal@protobuf@google@@AAEXPAPAX0HH@Z,0x9fd200,0xbc
??$CreateInternalRawArray@D@Arena@protobuf@google@@AAEPADI@Z,0x9fd2c0,0xf5
??$MergeFromInnerLoop@VTypeHandler@?$RepeatedPtrField@VClassDistribution_ClassEntry@Protobuf@@@protobuf@google@@@RepeatedPtrFieldBase@internal@protobuf@google@@AAEXPAPAX0HH@Z,0x9fd200,0xbc
??$MergeFromInnerLoop@VTypeHandler@?$RepeatedPtrField@VCogshopPurchases_Purchase@Protobuf@@@protobuf@google@@@RepeatedPtrFieldBase@internal@protobuf@google@@AAEXPAPAX0HH@Z,0x9fd200,0xbc
??$MergeFromInnerLoop@VTypeHandler@?$RepeatedPtrField@VPolymindHostKillLeaderboard_HostRecord@Protobuf@@@protobuf@google@@@RepeatedPtrFieldBase@internal@protobuf@google@@AAEXPAPAX0HH@Z,0x9fd200,0xbc
??$MergeFromInnerLoop@VTypeHandler@?$RepeatedPtrField@VRoute_Entry_DiscoveredExit@Protobuf@@@protobuf@google@@@RepeatedPtrFieldBase@internal@protobuf@google@@AAEXPAPAX0HH@Z,0x9fd200,0xbc
??$MergeFromInnerLoop@VTypeHandler@?$RepeatedPtrField@VRoute_Entry_HistoryEvent@Protobuf@@@protobuf@google@@@RepeatedPtrFieldBase@internal@protobuf@google@@AAEXPAPAX0HH@Z,0x9fd200,0xbc
??$MergeFromInnerLoop@VTypeHandler@?$RepeatedPtrField@VRoute_Entry_ObtainedSchematic@Protobuf@@@protobuf@google@@@RepeatedPtrFieldBase@internal@protobuf@google@@AAEXPAPAX0HH@Z,0x9fd200,0xbc
??$MergeFromInnerLoop@VTypeHandler@?$RepeatedPtrField@VRoute_Entry_FabricatedObject@Protobuf@@@protobuf@google@@@RepeatedPtrFieldBase@internal@protobuf@google@@AAEXPAPAX0HH@Z,0x9fd200,0xbc
??$MergeFromInnerLoop@VTypeHandler@?$RepeatedPtrField@VRoute_Entry_RepairedObject@Protobuf@@@protobuf@google@@@RepeatedPtrFieldBase@internal@protobuf@google@@AAEXPAPAX0HH@Z,0x9fd200,0xbc
??$MergeFromInnerLoop@VTypeHandler@?$RepeatedPtrField@VRoute_Entry_ObtainedStudy@Protobuf@@@protobuf@google@@@RepeatedPtrFieldBase@internal@protobuf@google@@AAEXPAPAX0HH@Z,0x9fd200,0xbc
??$MergeFromInnerLoop@VTypeHandler@?$RepeatedPtrField@VRoute_Entry@Protobuf@@@protobuf@google@@@RepeatedPtrFieldBase@internal@protobuf@google@@AAEXPAPAX0HH@Z,0x9fd200,0xbc
??$CreateMaybeMessage@VClassDistribution_ClassEntry@Protobuf@@@Arena@protobuf@google@@CAPAVClassDistribution_ClassEntry@Protobuf@@PAV012@U?$integral_constant@_N$0A@@internal@12@@Z,0x449c00,0x11
??$CreateMaybeMessage@VCogshopPurchases_Purchase@Protobuf@@@Arena@protobuf@google@@CAPAVCogshopPurchases_Purchase@Protobuf@@PAV012@U?$integral_constant@_N$0A@@internal@12@@Z,0x449c00,0x11
??$CreateMaybeMessage@VPolymindHostKillLeaderboard_HostRecord@Protobuf@@@Arena@protobuf@google@@CAPAVPolymindHostKillLeaderboard_HostRecord@Protobuf@@PAV012@U?$integral_constant@_N$0A@@internal@12@@Z,0x449c00,0x11
??$CreateMaybeMessage@VRoute_Entry_DiscoveredExit@Protobuf@@@Arena@protobuf@google@@CAPAVRoute_Entry_DiscoveredExit@Protobuf@@PAV012@U?$integral_constant@_N$0A@@internal@12@@Z,0x449c00,0x11
??$CreateMaybeMessage@VRoute_Entry_HistoryEvent@Protobuf@@@Arena@protobuf@google@@CAPAVRoute_Entry_HistoryEvent@Protobuf@@PAV012@U?$integral_constant@_N$0A@@internal@12@@Z,0x449c00,0x11
??$CreateMaybeMessage@VRoute_Entry_ObtainedSchematic@Protobuf@@@Arena@protobuf@google@@CAPAVRoute_Entry_ObtainedSchematic@Protobuf@@PAV012@U?$integral_constant@_N$0A@@internal@12@@Z,0x449c00,0x11
??$CreateMaybeMessage@VRoute_Entry_FabricatedObject@Protobuf@@@Arena@protobuf@google@@CAPAVRoute_Entry_FabricatedObject@Protobuf@@PAV012@U?$integral_constant@_N$0A@@internal@12@@Z,0x449c00,0x11
??$CreateMaybeMessage@VRoute_Entry_RepairedObject@Protobuf@@@Arena@protobuf@google@@CAPAVRoute_Entry_RepairedObject@Protobuf@@PAV012@U?$integral_constant@_N$0A@@internal@12@@Z,0x449c00,0x11
??$CreateMaybeMessage@VRoute_Entry_ObtainedStudy@Protobuf@@@Arena@protobuf@google@@CAPAVRoute_Entry_ObtainedStudy@Protobuf@@PAV012@U?$integral_constant@_N$0A@@internal@12@@Z,0x449c00,0x11
??$CreateMaybeMessage@VRoute_Entry@Protobuf@@@Arena@protobuf@google@@CAPAVRoute_Entry@Protobuf@@PAV012@U?$integral_constant@_N$0A@@internal@12@@Z,0x449c00,0x11
??$Create@VClassDistribution_ClassEntry@Protobuf@@@Arena@protobuf@google@@SAPAVClassDistribution_ClassEntry@Protobuf@@PAV012@@Z,0xa02eb0,0x87
??$Create@VCogshopPurchases_Purchase@Protobuf@@@Arena@protobuf@google@@SAPAVCogshopPurchases_Purchase@Protobuf@@PAV012@@Z,0xa02eb0,0x87
??$Create@VPolymindHostKillLeaderboard_HostRecord@Protobuf@@@Arena@protobuf@google@@SAPAVPolymindHostKillLeaderboard_HostRecord@Protobuf@@PAV012@@Z,0xa02fd0,0x87
??$Create@VRoute_Entry_DiscoveredExit@Protobuf@@@Arena@protobuf@google@@SAPAVRoute_Entry_DiscoveredExit@Protobuf@@PAV012@@Z,0xa02fd0,0x87
??$Create@VRoute_Entry_HistoryEvent@Protobuf@@@Arena@protobuf@google@@SAPAVRoute_Entry_HistoryEvent@Protobuf@@PAV012@@Z,0xa02eb0,0x87
??$Create@VRoute_Entry_ObtainedSchematic@Protobuf@@@Arena@protobuf@google@@SAPAVRoute_Entry_ObtainedSchematic@Protobuf@@PAV012@@Z,0xa02fd0,0x87
??$Create@VRoute_Entry_FabricatedObject@Protobuf@@@Arena@protobuf@google@@SAPAVRoute_Entry_FabricatedObject@Protobuf@@PAV012@@Z,0xa02fd0,0x87
??$Create@VRoute_Entry_RepairedObject@Protobuf@@@Arena@protobuf@google@@SAPAVRoute_Entry_RepairedObject@Protobuf@@PAV012@@Z,0xa02fd0,0x87
??$Create@VRoute_Entry_ObtainedStudy@Protobuf@@@Arena@protobuf@google@@SAPAVRoute_Entry_ObtainedStudy@Protobuf@@PAV012@@Z,0xa02eb0,0x87
??$Create@VRoute_Entry@Protobuf@@@Arena@protobuf@google@@SAPAVRoute_Entry@Protobuf@@PAV012@@Z,0xa033c0,0x87
??$CreateInternal@VClassDistribution_ClassEntry@Protobuf@@@Arena@protobuf@google@@AAEPAVClassDistribution_ClassEntry@Protobuf@@_N@Z,0xa037c0,0x8b
??$CreateInternal@VCogshopPurchases_Purchase@Protobuf@@@Arena@protobuf@google@@AAEPAVCogshopPurchases_Purchase@Protobuf@@_N@Z,0xa037c0,0x8b
??$CreateInternal@VPolymindHostKillLeaderboard_HostRecord@Protobuf@@@Arena@protobuf@google@@AAEPAVPolymindHostKillLeaderboard_HostRecord@Protobuf@@_N@Z,0xa038e0,0x8b
??$CreateInternal@VRoute_Entry_DiscoveredExit@Protobuf@@@Arena@protobuf@google@@AAEPAVRoute_Entry_DiscoveredExit@Protobuf@@_N@Z,0xa038e0,0x8b
??$CreateInternal@VRoute_Entry_HistoryEvent@Protobuf@@@Arena@protobuf@google@@AAEPAVRoute_Entry_HistoryEvent@Protobuf@@_N@Z,0xa037c0,0x8b
??$CreateInternal@VRoute_Entry_ObtainedSchematic@Protobuf@@@Arena@protobuf@google@@AAEPAVRoute_Entry_ObtainedSchematic@Protobuf@@_N@Z,0xa038e0,0x8b
??$CreateInternal@VRoute_Entry_FabricatedObject@Protobuf@@@Arena@protobuf@google@@AAEPAVRoute_Entry_FabricatedObject@Protobuf@@_N@Z,0xa038e0,0x8b
??$CreateInternal@VRoute_Entry_RepairedObject@Protobuf@@@Arena@protobuf@google@@AAEPAVRoute_Entry_RepairedObject@Protobuf@@_N@Z,0xa038e0,0x8b
??$CreateInternal@VRoute_Entry_ObtainedStudy@Protobuf@@@Arena@protobuf@google@@AAEPAVRoute_Entry_ObtainedStudy@Protobuf@@_N@Z,0xa037c0,0x8b
??$CreateInternal@VRoute_Entry@Protobuf@@@Arena@protobuf@google@@AAEPAVRoute_Entry@Protobuf@@_N@Z,0xa03cd0,0x8b
??$AllocateInternal@VClassDistribution_ClassEntry@Protobuf@@@Arena@protobuf@google@@AAEPAX_N@Z,0xa03e30,0x56
??$AllocateInternal@VCogshopPurchases_Purchase@Protobuf@@@Arena@protobuf@google@@AAEPAX_N@Z,0xa03e30,0x56
??$AllocateInternal@VPolymindHostKillLeaderboard_HostRecord@Protobuf@@@Arena@protobuf@google@@AAEPAX_N@Z,0xa03ef0,0x56
??$AllocateInternal@VRoute_Entry_DiscoveredExit@Protobuf@@@Arena@protobuf@google@@AAEPAX_N@Z,0xa03ef0,0x56
??$AllocateInternal@VRoute_Entry_HistoryEvent@Protobuf@@@Arena@protobuf@google@@AAEPAX_N@Z,0xa03e30,0x56
??$AllocateInternal@VRoute_Entry_ObtainedSchematic@Protobuf@@@Arena@protobuf@google@@AAEPAX_N@Z,0xa03ef0,0x56
??$AllocateInternal@VRoute_Entry_FabricatedObject@Protobuf@@@Arena@protobuf@google@@AAEPAX_N@Z,0xa03ef0,0x56
??$AllocateInternal@VRoute_Entry_RepairedObject@Protobuf@@@Arena@protobuf@google@@AAEPAX_N@Z,0xa03ef0,0x56
??$AllocateInternal@VRoute_Entry_ObtainedStudy@Protobuf@@@Arena@protobuf@google@@AAEPAX_N@Z,0xa03e30,0x56
??$AllocateInternal@VRoute_Entry@Protobuf@@@Arena@protobuf@google@@AAEPAX_N@Z,0xa04190,0x56
??$arena_destruct_object@VClassDistribution_ClassEntry@Protobuf@@@internal@protobuf@google@@YAXPAX@Z,0xa04360,0x13
??$arena_destruct_object@VCogshopPurchases_Purchase@Protobuf@@@internal@protobuf@google@@YAXPAX@Z,0xa04360,0x13
??$arena_destruct_object@VPolymindHostKillLeaderboard_HostRecord@Protobuf@@@internal@protobuf@google@@YAXPAX@Z,0xa04360,0x13
??$arena_destruct_object@VRoute_Entry_DiscoveredExit@Protobuf@@@internal@protobuf@google@@YAXPAX@Z,0xa04360,0x13
??$arena_destruct_object@VRoute_Entry_HistoryEvent@Protobuf@@@internal@protobuf@google@@YAXPAX@Z,0xa04360,0x13
??$arena_destruct_object@VRoute_Entry_ObtainedSchematic@Protobuf@@@internal@protobuf@google@@YAXPAX@Z,0xa04360,0x13
??$arena_destruct_object@VRoute_Entry_FabricatedObject@Protobuf@@@internal@protobuf@google@@YAXPAX@Z,0xa04360,0x13
??$arena_destruct_object@VRoute_Entry_RepairedObject@Protobuf@@@internal@protobuf@google@@YAXPAX@Z,0xa04360,0x13
??$arena_destruct_object@VRoute_Entry_ObtainedStudy@Protobuf@@@internal@protobuf@google@@YAXPAX@Z,0xa04360,0x13
??$arena_destruct_object@VRoute_Entry@Protobuf@@@internal@protobuf@google@@YAXPAX@Z,0xa04360,0x13
??_EConsole@@UAEPAXI@Z,0x9bad50,0x2d
??_EConsoleTitle@@UAEPAXI@Z,0x9bad50,0x2d
??_GConsoleArt@@UAEPAXI@Z,0x9bad50,0x2d
??_GCArtAnimated@@UAEPAXI@Z,0x9bad50,0x2d
??_GCText@@UAEPAXI@Z,0x9bad50,0x2d
??_ECTextButton@@UAEPAXI@Z,0x9bad50,0x2d
??_GCTextInput@@UAEPAXI@Z,0x9bad50,0x2d
??_GCTemp@@UAEPAXI@Z,0x9bad50,0x2d
??_GCCloseButton@@UAEPAXI@Z,0x9bad50,0x2d
??_GCInterfaceMsg@@UAEPAXI@Z,0x9bad50,0x2d
??_ECListOption@@UAEPAXI@Z,0x9bad50,0x2d
??_ECList@@UAEPAXI@Z,0x9bad50,0x2d
??0?$vector@V?$basic_string@DU?$char_traits@D@std@@V?$allocator@D@2@@std@@V?$allocator@V?$basic_string@DU?$char_traits@D@std@@V?$allocator@D@2@@std@@@2@@std@@QAE@ABV01@@Z,0x9b01d0,0xe9
?size@?$vector@V?$basic_string@DU?$char_traits@D@std@@V?$allocator@D@2@@std@@V?$allocator@V?$basic_string@DU?$char_traits@D@std@@V?$allocator@D@2@@std@@@2@@std@@QBEIXZ,0x9b0650,0x1e
??A?$vector@V?$basic_string@DU?$char_traits@D@std@@V?$allocator@D@2@@std@@V?$allocator@V?$basic_string@DU?$char_traits@D@std@@V?$allocator@D@2@@std@@@2@@std@@QAEAAV?$basic_string@DU?$char_traits@D@std@@V?$allocator@D@2@@1@I@Z,0x9b06a0,0x18
?push_back@?$vector@PAVCListOption@@V?$allocator@PAVCListOption@@@std@@@std@@QAEX$$QAPAVCListOption@@@Z,0x9b7cf0,0x110
?back@?$vector@PAVCListOption@@V?$allocator@PAVCListOption@@@std@@@std@@QAEAAPAVCListOption@@XZ,0x9afc50,0x2d
??A?$vector@_NV?$allocator@_N@std@@@std@@QAE?AV?$_Vb_reference@V?$allocator@_N@std@@@1@I@Z,0x9b38a0,0x38
??B?$_Vb_reference@V?$allocator@_N@std@@@std@@QBE_NXZ,0x9b3ad0,0x27
?end@?$vector@V?$basic_string@DU?$char_traits@D@std@@V?$allocator@D@2@@std@@V?$allocator@V?$basic_string@DU?$char_traits@D@std@@V?$allocator@D@2@@std@@@2@@std@@QBE?AV?$_Vector_const_iterator@V?$_Vector_val@V?$basic_string@DU?$char_traits@D@std@@V?$allocator@D@2@@std@@V?$allocator@V?$basic_string@DU?$char_traits@D@std@@V?$allocator@D@2@@std@@@2@@std@@@2@XZ,0x9c18f0,0x23
?_Buy@?$vector@V?$basic_string@DU?$char_traits@D@std@@V?$allocator@D@2@@std@@V?$allocator@V?$basic_string@DU?$char_traits@D@std@@V?$allocator@D@2@@std@@@2@@std@@IAE_NI@Z,0x9bc410,0x7f
?end@?$vector@PAVCListOption@@V?$allocator@PAVCListOption@@@std@@@std@@QAE?AV?$_Vector_iterator@V?$_Vector_val@PAVCListOption@@V?$allocator@PAVCListOption@@@std@@@std@@@2@XZ,0x9b8c80,0x23
?begin@?$vector@_NV?$allocator@_N@std@@@std@@QAE?AV?$_Vb_iterator@V?$allocator@_N@std@@@2@XZ,0x9b3820,0x22
?_Mask@?$_Vb_reference@V?$allocator@_N@std@@@std@@IBEIXZ,0x9bdee0,0x1a
??D?$_Vector_iterator@V?$_Vector_val@PAVCListOption@@V?$allocator@PAVCListOption@@@std@@@std@@@std@@QBEAAPAVCListOption@@XZ,0x9b0140,0x13
??G?$_Vector_iterator@V?$_Vector_val@PAVCListOption@@V?$allocator@PAVCListOption@@@std@@@std@@@std@@QBE?AV01@H@Z,0x9b0980,0x2d
??D?$_Vb_iterator@V?$allocator@_N@std@@@std@@QBE?AV?$_Vb_reference@V?$allocator@_N@std@@@1@XZ,0x9c1eb0,0x1c
??H?$_Vb_iterator@V?$allocator@_N@std@@@std@@QBE?AV01@H@Z,0x9bacd0,0x39
?max_size@?$vector@V?$basic_string@DU?$char_traits@D@std@@V?$allocator@D@2@@std@@V?$allocator@V?$basic_string@DU?$char_traits@D@std@@V?$allocator@D@2@@std@@@2@@std@@QBEIXZ,0x9c2ab0,0x16
?allocate@?$allocator@V?$basic_string@DU?$char_traits@D@std@@V?$allocator@D@2@@std@@@std@@QAEPAV?$basic_string@DU?$char_traits@D@std@@V?$allocator@D@2@@2@I@Z,0x9c2b70,0x1b
?max_size@?$vector@PAVCListOption@@V?$allocator@PAVCListOption@@@std@@@std@@QBEIXZ,0x9c2ab0,0x16
?_Grow_to@?$vector@PAVCListOption@@V?$allocator@PAVCListOption@@@std@@@std@@IBEII@Z,0x9c2ad0,0x59
??0?$_Vb_reference@V?$allocator@_N@std@@@std@@QAE@ABV?$_Vb_iter_base@V?$allocator@_N@std@@@1@@Z,0x9c36e0,0x2e
??0?$_Vector_iterator@V?$_Vector_val@PAVCListOption@@V?$allocator@PAVCListOption@@@std@@@std@@@std@@QAE@PAPAVCListOption@@PBU_Container_base0@1@@Z,0x9b8e30,0x20
??Z?$_Vector_iterator@V?$_Vector_val@PAVCListOption@@V?$allocator@PAVCListOption@@@std@@@std@@@std@@QAEAAV01@H@Z,0x9bc9d0,0x1b
??0?$_Vb_iterator@V?$allocator@_N@std@@@std@@QAE@PAIPAU_Container_base0@1@@Z,0x9b8e30,0x20
??Y?$_Vb_iterator@V?$allocator@_N@std@@@std@@QAEAAV01@H@Z,0x9b3730,0x1c
?max_size@?$allocator@V?$basic_string@DU?$char_traits@D@std@@V?$allocator@D@2@@std@@@std@@QBEIXZ,0x9c8190,0x2c
?allocate@?$allocator@PAVCListOption@@@std@@QAEPAPAVCListOption@@I@Z,0x9c2b70,0x1b
??0?$_Vb_iter_base@V?$allocator@_N@std@@@std@@QAE@PBIIPBU_Container_base0@1@@Z,0x9c8aa0,0x2d
??Y?$_Vector_iterator@V?$_Vector_val@PAVCListOption@@V?$allocator@PAVCListOption@@@std@@@std@@@std@@QAEAAV01@H@Z,0x9b3730,0x1c
??0?$_Vb_const_iterator@V?$allocator@_N@std@@@std@@QAE@PBIPBU_Container_base0@1@@Z,0x9c7bb0,0x22
??Y?$_Vb_const_iterator@V?$allocator@_N@std@@@std@@QAEAAV01@H@Z,0x9c7be0,0xa2
??$_Ucopy@V?$_Vector_const_iterator@V?$_Vector_val@V?$basic_string@DU?$char_traits@D@std@@V?$allocator@D@2@@std@@V?$allocator@V?$basic_string@DU?$char_traits@D@std@@V?$allocator@D@2@@std@@@2@@std@@@std@@@?$vector@V?$basic_string@DU?$char_traits@D@std@@V?$allocator@D@2@@std@@V?$allocator@V?$basic_string@DU?$char_traits@D@std@@V?$allocator@D@2@@std@@@2@@std@@IAEPAV?$basic_string@DU?$char_traits@D@std@@V?$allocator@D@2@@1@V?$_Vector_const_iterator@V?$_Vector_val@V?$basic_string@DU?$char_traits@D@std@@V?$allocator@D@2@@std@@V?$allocator@V?$basic_string@DU?$char_traits@D@std@@V?$allocator@D@2@@std@@@2@@std@@@1@0PAV21@@Z,0x9e3540,0x28
??$_Cons_val@V?$allocator@PAVCListOption@@@std@@PAVCListOption@@PAV3@@std@@YAXAAV?$allocator@PAVCListOption@@@0@PAPAVCListOption@@$$QAPAV2@@Z,0x9e3570,0x1e
??$_Allocate@V?$basic_string@DU?$char_traits@D@std@@V?$allocator@D@2@@std@@@std@@YAPAV?$basic_string@DU?$char_traits@D@std@@V?$allocator@D@2@@0@IPAV10@@Z,0x9e4d80,0x5d
??$_Umove@PAPAVCListOption@@@?$vector@PAVCListOption@@V?$allocator@PAVCListOption@@@std@@@std@@IAEPAPAVCListOption@@PAPAV2@00@Z,0x9e3540,0x28
??$_Uninitialized_copy@V?$_Vector_const_iterator@V?$_Vector_val@V?$basic_string@DU?$char_traits@D@std@@V?$allocator@D@2@@std@@V?$allocator@V?$basic_string@DU?$char_traits@D@std@@V?$allocator@D@2@@std@@@2@@std@@@std@@PAV?$basic_string@DU?$char_traits@D@std@@V?$allocator@D@2@@2@V?$allocator@V?$basic_string@DU?$char_traits@D@std@@V?$allocator@D@2@@std@@@2@@std@@YAPAV?$basic_string@DU?$char_traits@D@std@@V?$allocator@D@2@@0@V?$_Vector_const_iterator@V?$_Vector_val@V?$basic_string@DU?$char_traits@D@std@@V?$allocator@D@2@@std@@V?$allocator@V?$basic_string@DU?$char_traits@D@std@@V?$allocator@D@2@@std@@@2@@std@@@0@0PAV10@AAV?$allocator@V?$basic_string@DU?$char_traits@D@std@@V?$allocator@D@2@@std@@@0@@Z,0x9efb50,0x38
??$_Uninitialized_move@PAPAVCListOption@@PAPAV1@V?$allocator@PAVCListOption@@@std@@@std@@YAPAPAVCListOption@@PAPAV1@00AAV?$allocator@PAVCListOption@@@0@@Z,0x9f0920,0x45
??$_Uninit_copy@V?$_Vector_const_iterator@V?$_Vector_val@V?$basic_string@DU?$char_traits@D@std@@V?$allocator@D@2@@std@@V?$allocator@V?$basic_string@DU?$char_traits@D@std@@V?$allocator@D@2@@std@@@2@@std@@@std@@PAV?$basic_string@DU?$char_traits@D@std@@V?$allocator@D@2@@2@V?$allocator@V?$basic_string@DU?$char_traits@D@std@@V?$allocator@D@2@@std@@@2@@std@@YAPAV?$basic_string@DU?$char_traits@D@std@@V?$allocator@D@2@@0@V?$_Vector_const_iterator@V?$_Vector_val@V?$basic_string@DU?$char_traits@D@std@@V?$allocator@D@2@@std@@V?$allocator@V?$basic_string@DU?$char_traits@D@std@@V?$allocator@D@2@@std@@@2@@std@@@0@0PAV10@AAV?$allocator@V?$basic_string@DU?$char_traits@D@std@@V?$allocator@D@2@@std@@@0@U_Nonscalar_ptr_iterator_tag@0@@Z,0x9f9630,0xd1
??E?$_Vector_const_iterator@V?$_Vector_val@V?$basic_string@DU?$char_traits@D@std@@V?$allocator@D@2@@std@@V?$allocator@V?$basic_string@DU?$char_traits@D@std@@V?$allocator@D@2@@std@@@2@@std@@@std@@QAEAAV01@XZ,0x9c9bd0,0x1b
??9?$_Vector_const_iterator@V?$_Vector_val@V?$basic_string@DU?$char_traits@D@std@@V?$allocator@D@2@@std@@V?$allocator@V?$basic_string@DU?$char_traits@D@std@@V?$allocator@D@2@@std@@@2@@std@@@std@@QBE_NABV01@@Z,0x9b8e00,0x23
??$_Cons_val@V?$allocator@V?$basic_string@DU?$char_traits@D@std@@V?$allocator@D@2@@std@@@std@@V?$basic_string@DU?$char_traits@D@std@@V?$allocator@D@2@@2@ABV32@@std@@YAXAAV?$allocator@V?$basic_string@DU?$char_traits@D@std@@V?$allocator@D@2@@std@@@0@PAV?$basic_string@DU?$char_traits@D@std@@V?$allocator@D@2@@0@ABV20@@Z,0x9e3570,0x1e
?construct@?$allocator@V?$basic_string@DU?$char_traits@D@std@@V?$allocator@D@2@@std@@@std@@QAEXPAV?$basic_string@DU?$char_traits@D@std@@V?$allocator@D@2@@2@ABV32@@Z,0x9be6c0,0x1d
??$_Construct@V?$basic_string@DU?$char_traits@D@std@@V?$allocator@D@2@@std@@ABV12@@std@@YAXPAV?$basic_string@DU?$char_traits@D@std@@V?$allocator@D@2@@0@ABV10@@Z,0x9f36c0,0x86
??_GBuilder@DF@@UAEPAXI@Z,0x9bad50,0x2d
??0Tunneler@DF@@QAE@XZ,0x447ef0,0x1f
??0Tunneler@DF@@QAE@HHABUPos@@HHHHHHHHH_N@Z,0x447f10,0x90
?load@Tunneler@DF@@QAEXAAV?$basic_istream@DU?$char_traits@D@std@@@std@@@Z,0x447fc0,0x92
??_ETunneler@DF@@UAEPAXI@Z,0x9bad50,0x2d
??0Roomie@DF@@QAE@HHABUPos@@HH@Z,0x4480d0,0x3f
??_ERoomie@DF@@UAEPAXI@Z,0x9bad50,0x2d
??0XColorFilter@@QAE@XZ,0x416ca0,0x3a
??0XColorFilter@@QAE@ABU0@@Z,0x416ce0,0x44
?set@XCell@@QAEXABU1@@Z,0x416d30,0x67
??0XCell@@QAE@ABU0@@Z,0x416da0,0x56
?read@XCell@@QAEXAAV?$basic_istream@DU?$char_traits@D@std@@@std@@@Z,0x416e00,0x3e
??4XCell@@QAEAAU0@ABU0@@Z,0x416e40,0x6a
?getBack@XConsole@@QAE?AUXColor@@HH@Z,0x4176b0,0x2f
?getChar@XConsole@@QAEHABUPos@@@Z,0x417700,0x1f
?getFore@XConsole@@QAE?AUXColor@@ABUPos@@@Z,0x417720,0x2b
?getBack@XConsole@@QAE?AUXColor@@ABUPos@@@Z,0x417750,0x2b
?getString@XConsole@@QAE?AV?$basic_string@DU?$char_traits@D@std@@V?$allocator@D@2@@std@@ABUPos@@I@Z,0x4177a0,0xd8
?getFirstLine@XConsole@@QAE?AV?$basic_string@DU?$char_traits@D@std@@V?$allocator@D@2@@std@@XZ,0x417880,0xc5
?getStringVertical@XConsole@@QAE?AV?$basic_string@DU?$char_traits@D@std@@V?$allocator@D@2@@std@@ABUPos@@I@Z,0x417950,0xd8
?getLastCharX@XConsole@@QAEHH@Z,0x417a30,0x5a
?setPos@XConsole@@QAEXHH@Z,0x417a90,0x28
?move@XConsole@@QAEXHH@Z,0x417ac0,0x34
?setFore@XConsole@@QAEXUXColor@@@Z,0x417b00,0x26
?setBack@XConsole@@QAEXUXColor@@@Z,0x417b30,0x26
?clear@XConsole@@QAEXXZ,0x417bc0,0x29
?clear@XConsole@@QAEXHHHH@Z,0x417bf0,0x41
?clear@XConsole@@QAEXABURect@@@Z,0x417c40,0x30
?clearInterior@XConsole@@QAEXXZ,0x417c70,0x35
?clear@XConsole@@QAEXPAV1@@Z,0x417cb0,0x3b
?clearBack@XConsole@@QAEXXZ,0x417cf0,0x81
?clearChars@XConsole@@QAEXXZ,0x417d80,0x4b
?getWidth@XConsole@@QAEHXZ,0x9b6bd0,0x16
??Y?$basic_string@DU?$char_traits@D@std@@V?$allocator@D@2@@std@@QAEAAV01@D@Z,0x9af3b0,0x1c
?size@?$vector@UXColorFilter@@V?$allocator@UXColorFilter@@@std@@@std@@QBEIXZ,0x9b5100,0x19
?append@?$basic_string@DU?$char_traits@D@std@@V?$allocator@D@2@@std@@QAEAAV12@ID@Z,0x9af490,0x76
?_Chassign@?$basic_string@DU?$char_traits@D@std@@V?$allocator@D@2@@std@@QAEXIID@Z,0x9bbbc0,0x4a
??_EMTRand_int32@@UAEPAXI@Z,0x9bad50,0x2d
??_GMTRand_int32@@UAEPAXI@Z,0x9bad50,0x2d
??_EMTRand_open@@UAEPAXI@Z,0x9bad50,0x2d
??_GMTRand_open@@UAEPAXI@Z,0x9bad50,0x2d
??_EBresenham2DStepper@@UAEPAXI@Z,0x9bad50,0x2d
?getRoomCount@Generator@DF@@QAEHH@Z,0x448fe0,0x17
?addRoomCount@Generator@DF@@QAEXH@Z,0x449040,0x24
??0Room@DF@@QAE@XZ,0x4bd0f0,0x50
??1?$vector@UPos@@V?$allocator@UPos@@@std@@@std@@QAE@XZ,0x9b2bf0,0x53
?back@?$vector@URoom@DF@@V?$allocator@URoom@DF@@@std@@@std@@QAEAAURoom@DF@@XZ,0x9afc50,0x2d
?push_back@?$vector@URoom@DF@@V?$allocator@URoom@DF@@@std@@@std@@QAEXABURoom@DF@@@Z,0x9b4d10,0xff
?end@?$vector@URoom@DF@@V?$allocator@URoom@DF@@@std@@@std@@QAE?AV?$_Vector_iterator@V?$_Vector_val@URoom@DF@@V?$allocator@URoom@DF@@@std@@@std@@@2@XZ,0x9b8c80,0x23
?_Reserve@?$vector@URoom@DF@@V?$allocator@URoom@DF@@@std@@@std@@IAEXI@Z,0x9bc4c0,0x61
??D?$_Vector_iterator@V?$_Vector_val@URoom@DF@@V?$allocator@URoom@DF@@@std@@@std@@@std@@QBEAAURoom@DF@@XZ,0x9b0140,0x13
??G?$_Vector_iterator@V?$_Vector_val@URoom@DF@@V?$allocator@URoom@DF@@@std@@@std@@@std@@QBE?AV01@H@Z,0x9b0980,0x2d
?_Destroy@?$vector@UPos@@V?$allocator@UPos@@@std@@@std@@IAEXPAUPos@@0@Z,0x9c32a0,0x24
?capacity@?$vector@URoom@DF@@V?$allocator@URoom@DF@@@std@@@std@@QBEIXZ,0x9c4820,0x1e
?size@?$vector@URoom@DF@@V?$allocator@URoom@DF@@@std@@@std@@QBEIXZ,0x9b4cc0,0x1e
?max_size@?$vector@URoom@DF@@V?$allocator@URoom@DF@@@std@@@std@@QBEIXZ,0x9c2ab0,0x16
??0?$_Vector_iterator@V?$_Vector_val@URoom@DF@@V?$allocator@URoom@DF@@@std@@@std@@@std@@QAE@PAURoom@DF@@PBU_Container_base0@1@@Z,0x9b8e30,0x20
??Z?$_Vector_iterator@V?$_Vector_val@URoom@DF@@V?$allocator@URoom@DF@@@std@@@std@@@std@@QAEAAV01@H@Z,0x9bc9d0,0x1b
?_Destroy@?$vector@URoom@DF@@V?$allocator@URoom@DF@@@std@@@std@@IAEXPAURoom@DF@@0@Z,0x9c32a0,0x24
?allocate@?$allocator@URoom@DF@@@std@@QAEPAURoom@DF@@I@Z,0x9c2b70,0x1b
?max_size@?$allocator@URoom@DF@@@std@@QBEIXZ,0x9c9cd0,0x2c
??Y?$_Vector_iterator@V?$_Vector_val@URoom@DF@@V?$allocator@URoom@DF@@@std@@@std@@@std@@QAEAAV01@H@Z,0x9b3730,0x1c
??Y?$_Vector_const_iterator@V?$_Vector_val@URoom@DF@@V?$allocator@URoom@DF@@@std@@@std@@@std@@QAEAAV01@H@Z,0x9cc890,0x20
??$_Cons_val@V?$allocator@URoom@DF@@@std@@URoom@DF@@AAU34@@std@@YAXAAV?$allocator@URoom@DF@@@0@PAURoom@DF@@AAU23@@Z,0x9e3570,0x1e
??$_Cons_val@V?$allocator@URoom@DF@@@std@@URoom@DF@@ABU34@@std@@YAXAAV?$allocator@URoom@DF@@@0@PAURoom@DF@@ABU23@@Z,0x9e3570,0x1e
??$_Destroy_range@V?$allocator@UPos@@@std@@@std@@YAXPAUPos@@0AAV?$allocator@UPos@@@0@@Z,0x9e4e40,0x34
??$_Umove@PAURoom@DF@@@?$vector@URoom@DF@@V?$allocator@URoom@DF@@@std@@@std@@IAEPAURoom@DF@@PAU23@00@Z,0x9e3540,0x28
??$_Destroy_range@V?$allocator@URoom@DF@@@std@@@std@@YAXPAURoom@DF@@0AAV?$allocator@URoom@DF@@@0@@Z,0x9e4e40,0x34
??$_Allocate@URoom@DF@@@std@@YAPAURoom@DF@@IPAU12@@Z,0x9e64d0,0x5d
?construct@?$allocator@URoom@DF@@@std@@QAEXPAURoom@DF@@ABU34@@Z,0x9be6c0,0x1d
??$construct@AAURoom@DF@@@?$allocator@URoom@DF@@@std@@QAEXPAURoom@DF@@AAU23@@Z,0x9f0100,0x85
??$_Uninitialized_move@PAURoom@DF@@PAU12@V?$allocator@URoom@DF@@@std@@@std@@YAPAURoom@DF@@PAU12@00AAV?$allocator@URoom@DF@@@0@@Z,0x9f0920,0x45
??$_Destroy_range@V?$allocator@URoom@DF@@@std@@@std@@YAXPAURoom@DF@@0AAV?$allocator@URoom@DF@@@0@U_Nonscalar_ptr_iterator_tag@0@@Z,0x9f1b70,0x2a
??$_Construct@URoom@DF@@ABU12@@std@@YAXPAURoom@DF@@ABU12@@Z,0x9f3ae0,0x86
??0?$vector@HV?$allocator@H@std@@@std@@QAE@ABV01@@Z,0x9b01d0,0xe9
?end@?$vector@HV?$allocator@H@std@@@std@@QBE?AV?$_Vector_const_iterator@V?$_Vector_val@HV?$allocator@H@std@@@std@@@2@XZ,0x9c18f0,0x23
?begin@?$vector@UPos@@V?$allocator@UPos@@@std@@@std@@QBE?AV?$_Vector_const_iterator@V?$_Vector_val@UPos@@V?$allocator@UPos@@@std@@@std@@@2@XZ,0x9b3820,0x22
?_Buy@?$vector@UPos@@V?$allocator@UPos@@@std@@@std@@IAE_NI@Z,0x9bda80,0x7f
?max_size@?$vector@UPos@@V?$allocator@UPos@@@std@@@std@@QBEIXZ,0x9c2ab0,0x16
?allocate@?$allocator@UPos@@@std@@QAEPAUPos@@I@Z,0x9c2b70,0x1b
??$_Dest_val@V?$allocator@UPos@@@std@@UPos@@@std@@YAXAAV?$allocator@UPos@@@0@PAUPos@@@Z,0x9e3520,0x11
??$_Uninit_move@PAURoom@DF@@PAU12@V?$allocator@URoom@DF@@@std@@U12@@std@@YAPAURoom@DF@@PAU12@00AAV?$allocator@URoom@DF@@@0@0U_Nonscalar_ptr_iterator_tag@0@@Z,0x9fa840,0xc2
??$_Dest_val@V?$allocator@URoom@DF@@@std@@URoom@DF@@@std@@YAXAAV?$allocator@URoom@DF@@@0@PAURoom@DF@@@Z,0x9e3520,0x11
??$_Ucopy@V?$_Vector_const_iterator@V?$_Vector_val@HV?$allocator@H@std@@@std@@@std@@@?$vector@HV?$allocator@H@std@@@std@@IAEPAHV?$_Vector_const_iterator@V?$_Vector_val@HV?$allocator@H@std@@@std@@@1@0PAH@Z,0x9e3540,0x28
??$_Ucopy@V?$_Vector_const_iterator@V?$_Vector_val@UPos@@V?$allocator@UPos@@@std@@@std@@@std@@@?$vector@UPos@@V?$allocator@UPos@@@std@@@std@@IAEPAUPos@@V?$_Vector_const_iterator@V?$_Vector_val@UPos@@V?$allocator@UPos@@@std@@@std@@@1@0PAU2@@Z,0x9e3540,0x28
?destroy@?$allocator@UPos@@@std@@QAEXPAUPos@@@Z,0x9e7f20,0x19
?destroy@?$allocator@URoom@DF@@@std@@QAEXPAURoom@DF@@@Z,0x9e7f20,0x19
??$_Cons_val@V?$allocator@URoom@DF@@@std@@URoom@DF@@U34@@std@@YAXAAV?$allocator@URoom@DF@@@0@PAURoom@DF@@$$QAU23@@Z,0x9e3570,0x1e
??$_Uninitialized_copy@V?$_Vector_const_iterator@V?$_Vector_val@HV?$allocator@H@std@@@std@@@std@@PAHV?$allocator@H@2@@std@@YAPAHV?$_Vector_const_iterator@V?$_Vector_val@HV?$allocator@H@std@@@std@@@0@0PAHAAV?$allocator@H@0@@Z,0x9efb50,0x38
??$_Uninitialized_copy@V?$_Vector_const_iterator@V?$_Vector_val@UPos@@V?$allocator@UPos@@@std@@@std@@@std@@PAUPos@@V?$allocator@UPos@@@2@@std@@YAPAUPos@@V?$_Vector_const_iterator@V?$_Vector_val@UPos@@V?$allocator@UPos@@@std@@@std@@@0@0PAU1@AAV?$allocator@UPos@@@0@@Z,0x9efb50,0x38
??$_Destroy@URoom@DF@@@std@@YAXPAURoom@DF@@@Z,0x9f3b70,0xf
??_GRoom@DF@@QAEPAXI@Z,0x9bad50,0x2d
?construct@?$allocator@URoom@DF@@@std@@QAEXPAURoom@DF@@$$QAU34@@Z,0x9f0100,0x85
??$_Uninit_copy@V?$_Vector_const_iterator@V?$_Vector_val@HV?$allocator@H@std@@@std@@@std@@PAHV?$allocator@H@2@@std@@YAPAHV?$_Vector_const_iterator@V?$_Vector_val@HV?$allocator@H@std@@@std@@@0@0PAHAAV?$allocator@H@0@U_Nonscalar_ptr_iterator_tag@0@@Z,0x9f9c20,0xd1
??$_Uninit_copy@V?$_Vector_const_iterator@V?$_Vector_val@UPos@@V?$allocator@UPos@@@std@@@std@@@std@@PAUPos@@V?$allocator@UPos@@@2@@std@@YAPAUPos@@V?$_Vector_const_iterator@V?$_Vector_val@UPos@@V?$allocator@UPos@@@std@@@std@@@0@0PAU1@AAV?$allocator@UPos@@@0@U_Nonscalar_ptr_iterator_tag@0@@Z,0x9f98b0,0xd1
??E?$_Vector_const_iterator@V?$_Vector_val@HV?$allocator@H@std@@@std@@@std@@QAEAAV01@XZ,0x9ea360,0x1b
??E?$_Vector_const_iterator@V?$_Vector_val@UPos@@V?$allocator@UPos@@@std@@@std@@@std@@QAEAAV01@XZ,0x9fcdf0,0x1b
??9?$_Vector_const_iterator@V?$_Vector_val@UPos@@V?$allocator@UPos@@@std@@@std@@@std@@QBE_NABV01@@Z,0x9b8e00,0x23
??$_Dest_val@V?$allocator@H@std@@H@std@@YAXAAV?$allocator@H@0@PAH@Z,0x9e3520,0x11
??$_Cons_val@V?$allocator@UPos@@@std@@UPos@@ABU3@@std@@YAXAAV?$allocator@UPos@@@0@PAUPos@@ABU2@@Z,0x9e3570,0x1e
?destroy@?$allocator@H@std@@QAEXPAH@Z,0x9e7f20,0x19
?construct@?$allocator@UPos@@@std@@QAEXPAUPos@@ABU3@@Z,0x9be6c0,0x1d
??$_Construct@UPos@@ABU1@@std@@YAXPAUPos@@ABU1@@Z,0xa01b80,0x4e
??_EXConsole@@UAEPAXI@Z,0x9bad50,0x2d
??_GXConsole@@UAEPAXI@Z,0x9bad50,0x2d
??A?$vector@UFontSetInfo@REX@@V?$allocator@UFontSetInfo@REX@@@std@@@std@@QAEAAUFontSetInfo@REX@@I@Z,0x9b7040,0x18
?push_back@?$vector@PAVXConsole@@V?$allocator@PAVXConsole@@@std@@@std@@QAEXABQAVXConsole@@@Z,0x9b80b0,0xfa
?_Reserve@?$vector@PAVXConsole@@V?$allocator@PAVXConsole@@@std@@@std@@IAEXI@Z,0x9bc4c0,0x61
?max_size@?$vector@PAVXConsole@@V?$allocator@PAVXConsole@@@std@@@std@@QBEIXZ,0x9c2ab0,0x16
?allocate@?$allocator@PAVXConsole@@@std@@QAEPAPAVXConsole@@I@Z,0x9c2b70,0x1b
??$_Cons_val@V?$allocator@PAVXConsole@@@std@@PAVXConsole@@AAPAV3@@std@@YAXAAV?$allocator@PAVXConsole@@@0@PAPAVXConsole@@AAPAV2@@Z,0x9e3570,0x1e
??$_Cons_val@V?$allocator@PAVXConsole@@@std@@PAVXConsole@@ABQAV3@@std@@YAXAAV?$allocator@PAVXConsole@@@0@PAPAVXConsole@@ABQAV2@@Z,0x9e3570,0x1e
??$_Umove@PAPAVXConsole@@@?$vector@PAVXConsole@@V?$allocator@PAVXConsole@@@std@@@std@@IAEPAPAVXConsole@@PAPAV2@00@Z,0x9e3540,0x28
?construct@?$allocator@PAVXConsole@@@std@@QAEXPAPAVXConsole@@ABQAV3@@Z,0x9be6c0,0x1d
??$_Uninitialized_move@PAPAVXConsole@@PAPAV1@V?$allocator@PAVXConsole@@@std@@@std@@YAPAPAVXConsole@@PAPAV1@00AAV?$allocator@PAVXConsole@@@0@@Z,0x9f0920,0x45
??_ECCommandsAdvancedPage@@UAEPAXI@Z,0x9bad50,0x2d
??_GCCommandsAdvancedPage@@UAEPAXI@Z,0x9bad50,0x2d
?getGalleryData@CGalleryText@@QAEPAUGalleryData@@XZ,0x9b0140,0x13
?back@?$vector@PAVCLogMsgConsole@@V?$allocator@PAVCLogMsgConsole@@@std@@@std@@QAEAAPAVCLogMsgConsole@@XZ,0x9afc50,0x2d
?back@?$vector@PAULogMsg@@V?$allocator@PAULogMsg@@@std@@@std@@QAEAAPAULogMsg@@XZ,0x9afc50,0x2d
?push_back@?$vector@PAVCCommandButton@@V?$allocator@PAVCCommandButton@@@std@@@std@@QAEX$$QAPAVCCommandButton@@@Z,0x9b7cf0,0x110
?back@?$vector@PAVCCommandButton@@V?$allocator@PAVCCommandButton@@@std@@@std@@QAEAAPAVCCommandButton@@XZ,0x9afc50,0x2d
?end@?$vector@PAVCLogMsgConsole@@V?$allocator@PAVCLogMsgConsole@@@std@@@std@@QAE?AV?$_Vector_iterator@V?$_Vector_val@PAVCLogMsgConsole@@V?$allocator@PAVCLogMsgConsole@@@std@@@std@@@2@XZ,0x9b8c80,0x23
?end@?$vector@PAULogMsg@@V?$allocator@PAULogMsg@@@std@@@std@@QAE?AV?$_Vector_iterator@V?$_Vector_val@PAULogMsg@@V?$allocator@PAULogMsg@@@std@@@std@@@2@XZ,0x9b8c80,0x23
?begin@?$vector@PAVCCommandButton@@V?$allocator@PAVCCommandButton@@@std@@@std@@QAE?AV?$_Vector_iterator@V?$_Vector_val@PAVCCommandButton@@V?$allocator@PAVCCommandButton@@@std@@@std@@@2@XZ,0x9b3820,0x22
?begin@?$vector@PAVCCommandButton@@V?$allocator@PAVCCommandButton@@@std@@@std@@QBE?AV?$_Vector_const_iterator@V?$_Vector_val@PAVCCommandButton@@V?$allocator@PAVCCommandButton@@@std@@@std@@@2@XZ,0x9b3820,0x22
?erase@?$vector@PAVCCommandButton@@V?$allocator@PAVCCommandButton@@@std@@@std@@QAE?AV?$_Vector_iterator@V?$_Vector_val@PAVCCommandButton@@V?$allocator@PAVCCommandButton@@@std@@@std@@@2@V?$_Vector_const_iterator@V?$_Vector_val@PAVCCommandButton@@V?$allocator@PAVCCommandButton@@@std@@@std@@@2@0@Z,0x9bc2a0,0x91
??D?$_Vector_iterator@V?$_Vector_val@PAVCLogMsgConsole@@V?$allocator@PAVCLogMsgConsole@@@std@@@std@@@std@@QBEAAPAVCLogMsgConsole@@XZ,0x9b0140,0x13
??G?$_Vector_iterator@V?$_Vector_val@PAVCLogMsgConsole@@V?$allocator@PAVCLogMsgConsole@@@std@@@std@@@std@@QBE?AV01@H@Z,0x9b0980,0x2d
??D?$_Vector_iterator@V?$_Vector_val@PAULogMsg@@V?$allocator@PAULogMsg@@@std@@@std@@@std@@QBEAAPAULogMsg@@XZ,0x9b0140,0x13
??G?$_Vector_iterator@V?$_Vector_val@PAULogMsg@@V?$allocator@PAULogMsg@@@std@@@std@@@std@@QBE?AV01@H@Z,0x9b0980,0x2d
??D?$_Vector_iterator@V?$_Vector_val@PAVCCommandButton@@V?$allocator@PAVCCommandButton@@@std@@@std@@@std@@QBEAAPAVCCommandButton@@XZ,0x9b0140,0x13
??G?$_Vector_iterator@V?$_Vector_val@PAVCCommandButton@@V?$allocator@PAVCCommandButton@@@std@@@std@@@std@@QBE?AV01@H@Z,0x9b0980,0x2d
?max_size@?$vector@PAVCCommandButton@@V?$allocator@PAVCCommandButton@@@std@@@std@@QBEIXZ,0x9c2ab0,0x16
?_Destroy@?$vector@PAVCCommandButton@@V?$allocator@PAVCCommandButton@@@std@@@std@@IAEXPAPAVCCommandButton@@0@Z,0x9c32a0,0x24
?_Grow_to@?$vector@PAVCCommandButton@@V?$allocator@PAVCCommandButton@@@std@@@std@@IBEII@Z,0x9c2ad0,0x59
?allocate@?$allocator@PAVCCommandButton@@@std@@QAEPAPAVCCommandButton@@I@Z,0x9c2b70,0x1b
??0?$_Vector_iterator@V?$_Vector_val@PAVCLogMsgConsole@@V?$allocator@PAVCLogMsgConsole@@@std@@@std@@@std@@QAE@PAPAVCLogMsgConsole@@PBU_Container_base0@1@@Z,0x9b8e30,0x20
??Z?$_Vector_iterator@V?$_Vector_val@PAVCLogMsgConsole@@V?$allocator@PAVCLogMsgConsole@@@std@@@std@@@std@@QAEAAV01@H@Z,0x9bc9d0,0x1b
??0?$_Vector_iterator@V?$_Vector_val@PAULogMsg@@V?$allocator@PAULogMsg@@@std@@@std@@@std@@QAE@PAPAULogMsg@@PBU_Container_base0@1@@Z,0x9b8e30,0x20
??Z?$_Vector_iterator@V?$_Vector_val@PAULogMsg@@V?$allocator@PAULogMsg@@@std@@@std@@@std@@QAEAAV01@H@Z,0x9bc9d0,0x1b
??9?$_Vector_const_iterator@V?$_Vector_val@PAVCCommandButton@@V?$allocator@PAVCCommandButton@@@std@@@std@@@std@@QBE_NABV01@@Z,0x9b8e00,0x23
??Z?$_Vector_iterator@V?$_Vector_val@PAVCCommandButton@@V?$allocator@PAVCCommandButton@@@std@@@std@@@std@@QAEAAV01@H@Z,0x9bc9d0,0x1b
??Y?$_Vector_iterator@V?$_Vector_val@PAVCLogMsgConsole@@V?$allocator@PAVCLogMsgConsole@@@std@@@std@@@std@@QAEAAV01@H@Z,0x9b3730,0x1c
??Y?$_Vector_iterator@V?$_Vector_val@PAULogMsg@@V?$allocator@PAULogMsg@@@std@@@std@@@std@@QAEAAV01@H@Z,0x9b3730,0x1c
??$_Ucopy@V?$_Vector_const_iterator@V?$_Vector_val@PAVCCommandButton@@V?$allocator@PAVCCommandButton@@@std@@@std@@@std@@@?$vector@PAVCCommandButton@@V?$allocator@PAVCCommandButton@@@std@@@std@@IAEPAPAVCCommandButton@@V?$_Vector_const_iterator@V?$_Vector_val@PAVCCommandButton@@V?$allocator@PAVCCommandButton@@@std@@@std@@@1@0PAPAV2@@Z,0x9e3540,0x28
??$_Cons_val@V?$allocator@PAVCCommandButton@@@std@@PAVCCommandButton@@PAV3@@std@@YAXAAV?$allocator@PAVCCommandButton@@@0@PAPAVCCommandButton@@$$QAPAV2@@Z,0x9e3570,0x1e
??$_Move@PAPAVCCommandButton@@PAPAV1@@std@@YAPAPAVCCommandButton@@PAPAV1@00@Z,0x9e3590,0x34
??$_Umove@PAPAVCCommandButton@@@?$vector@PAVCCommandButton@@V?$allocator@PAVCCommandButton@@@std@@@std@@IAEPAPAVCCommandButton@@PAPAV2@00@Z,0x9e3540,0x28
??$_Destroy_range@V?$allocator@PAVCCommandButton@@@std@@@std@@YAXPAPAVCCommandButton@@0AAV?$allocator@PAVCCommandButton@@@0@@Z,0x9e4e40,0x34
??$_Uninitialized_copy@V?$_Vector_const_iterator@V?$_Vector_val@PAVCCommandButton@@V?$allocator@PAVCCommandButton@@@std@@@std@@@std@@PAPAVCCommandButton@@V?$allocator@PAVCCommandButton@@@2@@std@@YAPAPAVCCommandButton@@V?$_Vector_const_iterator@V?$_Vector_val@PAVCCommandButton@@V?$allocator@PAVCCommandButton@@@std@@@std@@@0@0PAPAV1@AAV?$allocator@PAVCCommandButton@@@0@@Z,0x9efb50,0x38
??$_Uninitialized_move@PAPAVCCommandButton@@PAPAV1@V?$allocator@PAVCCommandButton@@@std@@@std@@YAPAPAVCCommandButton@@PAPAV1@00AAV?$allocator@PAVCCommandButton@@@0@@Z,0x9f0920,0x45
??E?$_Vector_const_iterator@V?$_Vector_val@PAVCCommandButton@@V?$allocator@PAVCCommandButton@@@std@@@std@@@std@@QAEAAV01@XZ,0x9ea360,0x1b
??$_Cons_val@V?$allocator@PAVCCommandButton@@@std@@PAVCCommandButton@@ABQAV3@@std@@YAXAAV?$allocator@PAVCCommandButton@@@0@PAPAVCCommandButton@@ABQAV2@@Z,0x9e3570,0x1e
??$_Dest_val@V?$allocator@PAVCCommandButton@@@std@@PAVCCommandButton@@@std@@YAXAAV?$allocator@PAVCCommandButton@@@0@PAPAVCCommandButton@@@Z,0x9e3520,0x11
?construct@?$allocator@PAVCCommandButton@@@std@@QAEXPAPAVCCommandButton@@ABQAV3@@Z,0x9be6c0,0x1d
?destroy@?$allocator@PAVCCommandButton@@@std@@QAEXPAPAVCCommandButton@@@Z,0x9e7f20,0x19
?assign@?$basic_string@DU?$char_traits@D@std@@V?$allocator@D@2@@std@@QAEAAV12@V?$_String_const_iterator@DU?$char_traits@D@std@@V?$allocator@D@2@@2@0@Z,0x9af710,0x49
?replace@?$basic_string@DU?$char_traits@D@std@@V?$allocator@D@2@@std@@QAEAAV12@V?$_String_const_iterator@DU?$char_traits@D@std@@V?$allocator@D@2@@2@000@Z,0x9bb700,0xb3
??0?$_String_const_iterator@DU?$char_traits@D@std@@V?$allocator@D@2@@std@@QAE@PBDPBU_Container_base0@1@@Z,0x9c78b0,0x24
??Y?$_String_const_iterator@DU?$char_traits@D@std@@V?$allocator@D@2@@std@@QAEAAV01@H@Z,0x9bca10,0x1d
?replace@?$basic_string@DU?$char_traits@D@std@@V?$allocator@D@2@@std@@QAEAAV12@IIPBDI@Z,0x9c23d0,0x166
?_Pdif@?$basic_string@DU?$char_traits@D@std@@V?$allocator@D@2@@std@@SAIV?$_String_const_iterator@DU?$char_traits@D@std@@V?$allocator@D@2@@2@0@Z,0x9bbd30,0x29
??G?$_String_const_iterator@DU?$char_traits@D@std@@V?$allocator@D@2@@std@@QBEHABV01@@Z,0x9b0a10,0x23
?replace@?$basic_string@DU?$char_traits@D@std@@V?$allocator@D@2@@std@@QAEAAV12@IIABV12@II@Z,0x9bb440,0x2b8
??$_Unchecked@V?$_Vector_val@V?$basic_string@DU?$char_traits@D@std@@V?$allocator@D@2@@std@@V?$allocator@V?$basic_string@DU?$char_traits@D@std@@V?$allocator@D@2@@std@@@2@@std@@@std@@YAPAV?$basic_string@DU?$char_traits@D@std@@V?$allocator@D@2@@0@V?$_Vector_iterator@V?$_Vector_val@V?$basic_string@DU?$char_traits@D@std@@V?$allocator@D@2@@std@@V?$allocator@V?$basic_string@DU?$char_traits@D@std@@V?$allocator@D@2@@std@@@2@@std@@@0@@Z,0xa008a0,0xd
??$_Rechecked@V?$_Vector_val@V?$basic_string@DU?$char_traits@D@std@@V?$allocator@D@2@@std@@V?$allocator@V?$basic_string@DU?$char_traits@D@std@@V?$allocator@D@2@@std@@@2@@std@@@std@@YAAAV?$_Vector_iterator@V?$_Vector_val@V?$basic_string@DU?$char_traits@D@std@@V?$allocator@D@2@@std@@V?$allocator@V?$basic_string@DU?$char_traits@D@std@@V?$allocator@D@2@@std@@@2@@std@@@0@AAV10@PAV?$basic_string@DU?$char_traits@D@std@@V?$allocator@D@2@@0@@Z,0x9e3520,0x11
?push_back@?$vector@HV?$allocator@H@std@@@std@@QAEX$$QAH@Z,0x9b7cf0,0x110
?push_back@?$vector@V?$basic_string@DU?$char_traits@D@std@@V?$allocator@D@2@@std@@V?$allocator@V?$basic_string@DU?$char_traits@D@std@@V?$allocator@D@2@@std@@@2@@std@@QAEXABV?$basic_string@DU?$char_traits@D@std@@V?$allocator@D@2@@2@@Z,0x9b06f0,0xff
?push_back@?$vector@V?$vector@HV?$allocator@H@std@@@std@@V?$allocator@V?$vector@HV?$allocator@H@std@@@std@@@2@@std@@QAEX$$QAV?$vector@HV?$allocator@H@std@@@2@@Z,0x9b2d50,0x110
?back@?$vector@V?$vector@HV?$allocator@H@std@@@std@@V?$allocator@V?$vector@HV?$allocator@H@std@@@std@@@2@@std@@QAEAAV?$vector@HV?$allocator@H@std@@@2@XZ,0x9afc50,0x2d
?_Reserve@?$vector@V?$basic_string@DU?$char_traits@D@std@@V?$allocator@D@2@@std@@V?$allocator@V?$basic_string@DU?$char_traits@D@std@@V?$allocator@D@2@@std@@@2@@std@@IAEXI@Z,0x9bc4c0,0x61
?end@?$vector@V?$vector@HV?$allocator@H@std@@@std@@V?$allocator@V?$vector@HV?$allocator@H@std@@@std@@@2@@std@@QAE?AV?$_Vector_iterator@V?$_Vector_val@V?$vector@HV?$allocator@H@std@@@std@@V?$allocator@V?$vector@HV?$allocator@H@std@@@std@@@2@@std@@@2@XZ,0x9b8c80,0x23
?_Reserve@?$vector@V?$vector@HV?$allocator@H@std@@@std@@V?$allocator@V?$vector@HV?$allocator@H@std@@@std@@@2@@std@@IAEXI@Z,0x9bc4c0,0x61
??D?$_Vector_iterator@V?$_Vector_val@V?$vector@HV?$allocator@H@std@@@std@@V?$allocator@V?$vector@HV?$allocator@H@std@@@std@@@2@@std@@@std@@QBEAAV?$vector@HV?$allocator@H@std@@@1@XZ,0x9b0140,0x13
??G?$_Vector_iterator@V?$_Vector_val@V?$vector@HV?$allocator@H@std@@@std@@V?$allocator@V?$vector@HV?$allocator@H@std@@@std@@@2@@std@@@std@@QBE?AV01@H@Z,0x9b0980,0x2d
?reserve@?$vector@V?$basic_string@DU?$char_traits@D@std@@V?$allocator@D@2@@std@@V?$allocator@V?$basic_string@DU?$char_traits@D@std@@V?$allocator@D@2@@std@@@2@@std@@QAEXI@Z,0x9c2960,0x14e
?capacity@?$vector@V?$basic_string@DU?$char_traits@D@std@@V?$allocator@D@2@@std@@V?$allocator@V?$basic_string@DU?$char_traits@D@std@@V?$allocator@D@2@@std@@@2@@std@@QBEIXZ,0x9bc1b0,0x1e
?_Grow_to@?$vector@V?$basic_string@DU?$char_traits@D@std@@V?$allocator@D@2@@std@@V?$allocator@V?$basic_string@DU?$char_traits@D@std@@V?$allocator@D@2@@std@@@2@@std@@IBEII@Z,0x9c2ad0,0x59
?capacity@?$vector@V?$vector@HV?$allocator@H@std@@@std@@V?$allocator@V?$vector@HV?$allocator@H@std@@@std@@@2@@std@@QBEIXZ,0x9c60a0,0x19
?size@?$vector@V?$vector@HV?$allocator@H@std@@@std@@V?$allocator@V?$vector@HV?$allocator@H@std@@@std@@@2@@std@@QBEIXZ,0x9b5100,0x19
?max_size@?$vector@V?$vector@HV?$allocator@H@std@@@std@@V?$allocator@V?$vector@HV?$allocator@H@std@@@std@@@2@@std@@QBEIXZ,0x9c2ab0,0x16
??0?$_Vector_iterator@V?$_Vector_val@V?$vector@HV?$allocator@H@std@@@std@@V?$allocator@V?$vector@HV?$allocator@H@std@@@std@@@2@@std@@@std@@QAE@PAV?$vector@HV?$allocator@H@std@@@1@PBU_Container_base0@1@@Z,0x9b8e30,0x20
??Z?$_Vector_iterator@V?$_Vector_val@V?$vector@HV?$allocator@H@std@@@std@@V?$allocator@V?$vector@HV?$allocator@H@std@@@std@@@2@@std@@@std@@QAEAAV01@H@Z,0x9bc9d0,0x1b
?_Destroy@?$vector@V?$vector@HV?$allocator@H@std@@@std@@V?$allocator@V?$vector@HV?$allocator@H@std@@@std@@@2@@std@@IAEXPAV?$vector@HV?$allocator@H@std@@@2@0@Z,0x9c32a0,0x24
?allocate@?$allocator@V?$vector@HV?$allocator@H@std@@@std@@@std@@QAEPAV?$vector@HV?$allocator@H@std@@@2@I@Z,0x9c2b70,0x1b
?max_size@?$allocator@V?$vector@HV?$allocator@H@std@@@std@@@std@@QBEIXZ,0x9cbec0,0x2c
??Y?$_Vector_const_iterator@V?$_Vector_val@V?$vector@HV?$allocator@H@std@@@std@@V?$allocator@V?$vector@HV?$allocator@H@std@@@std@@@2@@std@@@std@@QAEAAV01@H@Z,0x9cc8f0,0x20
??$_Cons_val@V?$allocator@H@std@@HH@std@@YAXAAV?$allocator@H@0@PAH$$QAH@Z,0x9e3570,0x1e
??$_Cons_val@V?$allocator@V?$basic_string@DU?$char_traits@D@std@@V?$allocator@D@2@@std@@@std@@V?$basic_string@DU?$char_traits@D@std@@V?$allocator@D@2@@2@AAV32@@std@@YAXAAV?$allocator@V?$basic_string@DU?$char_traits@D@std@@V?$allocator@D@2@@std@@@0@PAV?$basic_string@DU?$char_traits@D@std@@V?$allocator@D@2@@0@AAV20@@Z,0x9e3570,0x1e
??$_Cons_val@V?$allocator@V?$vector@HV?$allocator@H@std@@@std@@@std@@V?$vector@HV?$allocator@H@std@@@2@V32@@std@@YAXAAV?$allocator@V?$vector@HV?$allocator@H@std@@@std@@@0@PAV?$vector@HV?$allocator@H@std@@@0@$$QAV20@@Z,0x9e3570,0x1e
??$_Umove@PAV?$basic_string@DU?$char_traits@D@std@@V?$allocator@D@2@@std@@@?$vector@V?$basic_string@DU?$char_traits@D@std@@V?$allocator@D@2@@std@@V?$allocator@V?$basic_string@DU?$char_traits@D@std@@V?$allocator@D@2@@std@@@2@@std@@IAEPAV?$basic_string@DU?$char_traits@D@std@@V?$allocator@D@2@@1@PAV21@00@Z,0x9e3540,0x28
??$_Umove@PAV?$vector@HV?$allocator@H@std@@@std@@@?$vector@V?$vector@HV?$allocator@H@std@@@std@@V?$allocator@V?$vector@HV?$allocator@H@std@@@std@@@2@@std@@IAEPAV?$vector@HV?$allocator@H@std@@@1@PAV21@00@Z,0x9e3540,0x28
??$_Destroy_range@V?$allocator@V?$vector@HV?$allocator@H@std@@@std@@@std@@@std@@YAXPAV?$vector@HV?$allocator@H@std@@@0@0AAV?$allocator@V?$vector@HV?$allocator@H@std@@@std@@@0@@Z,0x9e4e40,0x34
??$_Allocate@V?$vector@HV?$allocator@H@std@@@std@@@std@@YAPAV?$vector@HV?$allocator@H@std@@@0@IPAV10@@Z,0x9e6f80,0x5d
?construct@?$allocator@UPoint@@@std@@QAEXPAUPoint@@$$QAU3@@Z,0x9f05e0,0x54
?construct@?$allocator@V?$vector@HV?$allocator@H@std@@@std@@@std@@QAEXPAV?$vector@HV?$allocator@H@std@@@2@$$QAV32@@Z,0x9e7b80,0x85
?get_allocator@?$vector@HV?$allocator@H@std@@@std@@QBE?AV?$allocator@H@2@XZ,0x9eb7c0,0x1f
??E?$_Vector_iterator@V?$_Vector_val@HV?$allocator@H@std@@@std@@@std@@QAEAAV01@XZ,0x9eb9d0,0x16
??$construct@AAUPoint@@@?$allocator@UPoint@@@std@@QAEXPAUPoint@@AAU2@@Z,0x9f05e0,0x54
??$_Uninitialized_move@PAV?$basic_string@DU?$char_traits@D@std@@V?$allocator@D@2@@std@@PAV12@V?$allocator@V?$basic_string@DU?$char_traits@D@std@@V?$allocator@D@2@@std@@@2@@std@@YAPAV?$basic_string@DU?$char_traits@D@std@@V?$allocator@D@2@@0@PAV10@00AAV?$allocator@V?$basic_string@DU?$char_traits@D@std@@V?$allocator@D@2@@std@@@0@@Z,0x9f0920,0x45
??$_Uninitialized_move@PAV?$vector@HV?$allocator@H@std@@@std@@PAV12@V?$allocator@V?$vector@HV?$allocator@H@std@@@std@@@2@@std@@YAPAV?$vector@HV?$allocator@H@std@@@0@PAV10@00AAV?$allocator@V?$vector@HV?$allocator@H@std@@@std@@@0@@Z,0x9f0920,0x45
??$_Destroy_range@V?$allocator@V?$vector@HV?$allocator@H@std@@@std@@@std@@@std@@YAXPAV?$vector@HV?$allocator@H@std@@@0@0AAV?$allocator@V?$vector@HV?$allocator@H@std@@@std@@@0@U_Nonscalar_ptr_iterator_tag@0@@Z,0x9f1450,0x2a
??$_Construct@UPoint@@ABU1@@std@@YAXPAUPoint@@ABU1@@Z,0x9f40c0,0x55
??$?9HH@std@@YA_NABV?$allocator@H@0@0@Z,0x9ceb30,0x1f
??$_Uninit_move@PAV?$basic_string@DU?$char_traits@D@std@@V?$allocator@D@2@@std@@PAV12@V?$allocator@V?$basic_string@DU?$char_traits@D@std@@V?$allocator@D@2@@std@@@2@V12@@std@@YAPAV?$basic_string@DU?$char_traits@D@std@@V?$allocator@D@2@@0@PAV10@00AAV?$allocator@V?$basic_string@DU?$char_traits@D@std@@V?$allocator@D@2@@std@@@0@0U_Nonscalar_ptr_iterator_tag@0@@Z,0x9f9710,0xc2
??$_Uninit_move@PAV?$vector@HV?$allocator@H@std@@@std@@PAV12@V?$allocator@V?$vector@HV?$allocator@H@std@@@std@@@2@V12@@std@@YAPAV?$vector@HV?$allocator@H@std@@@0@PAV10@00AAV?$allocator@V?$vector@HV?$allocator@H@std@@@std@@@0@0U_Nonscalar_ptr_iterator_tag@0@@Z,0x9f9fa0,0xc2
??$_Cons_val@V?$allocator@V?$basic_string@DU?$char_traits@D@std@@V?$allocator@D@2@@std@@@std@@V?$basic_string@DU?$char_traits@D@std@@V?$allocator@D@2@@2@V32@@std@@YAXAAV?$allocator@V?$basic_string@DU?$char_traits@D@std@@V?$allocator@D@2@@std@@@0@PAV?$basic_string@DU?$char_traits@D@std@@V?$allocator@D@2@@0@$$QAV20@@Z,0x9e3570,0x1e
??_GPolyPossessData@@QAEPAXI@Z,0x9bad50,0x2d
?back@?$vector@UPoint@@V?$allocator@UPoint@@@std@@@std@@QAEAAUPoint@@XZ,0x9afc50,0x2d
??G?$_Vector_iterator@V?$_Vector_val@UPoint@@V?$allocator@UPoint@@@std@@@std@@@std@@QBE?AV01@H@Z,0x9b0980,0x2d
??Z?$_Vector_iterator@V?$_Vector_val@UPoint@@V?$allocator@UPoint@@@std@@@std@@@std@@QAEAAV01@H@Z,0x9bc9d0,0x1b
??Y?$_Vector_iterator@V?$_Vector_val@UPoint@@V?$allocator@UPoint@@@std@@@std@@@std@@QAEAAV01@H@Z,0x9b3730,0x1c
??Y?$_Vector_const_iterator@V?$_Vector_val@UPoint@@V?$allocator@UPoint@@@std@@@std@@@std@@QAEAAV01@H@Z,0x9eb580,0x20
??0?$vector@UPoint@@V?$allocator@UPoint@@@std@@@std@@QAE@IABUPoint@@@Z,0x9b18d0,0x76
??0?$vector@UPoint@@V?$allocator@UPoint@@@std@@@std@@QAE@ABV01@@Z,0x9b01d0,0xe9
?end@?$vector@UPoint@@V?$allocator@UPoint@@@std@@@std@@QBE?AV?$_Vector_const_iterator@V?$_Vector_val@UPoint@@V?$allocator@UPoint@@@std@@@std@@@2@XZ,0x9c18f0,0x23
?_Buy@?$vector@UPoint@@V?$allocator@UPoint@@@std@@@std@@IAE_NI@Z,0x9bda80,0x7f
?_Ufill@?$vector@UPoint@@V?$allocator@UPoint@@@std@@@std@@IAEPAUPoint@@PAU3@IPBU3@@Z,0x9c3300,0x31
??$_Ucopy@V?$_Vector_const_iterator@V?$_Vector_val@UPoint@@V?$allocator@UPoint@@@std@@@std@@@std@@@?$vector@UPoint@@V?$allocator@UPoint@@@std@@@std@@IAEPAUPoint@@V?$_Vector_const_iterator@V?$_Vector_val@UPoint@@V?$allocator@UPoint@@@std@@@std@@@1@0PAU2@@Z,0x9e3540,0x28
??$_Uninitialized_fill_n@PAUPoint@@IU1@V?$allocator@UPoint@@@std@@@std@@YAXPAUPoint@@IPBU1@AAV?$allocator@UPoint@@@0@@Z,0x9e4390,0x45
??$_Uninitialized_copy@V?$_Vector_const_iterator@V?$_Vector_val@UPoint@@V?$allocator@UPoint@@@std@@@std@@@std@@PAUPoint@@V?$allocator@UPoint@@@2@@std@@YAPAUPoint@@V?$_Vector_const_iterator@V?$_Vector_val@UPoint@@V?$allocator@UPoint@@@std@@@std@@@0@0PAU1@AAV?$allocator@UPoint@@@0@@Z,0x9efb50,0x38
??$_Uninit_fill_n@PAUPoint@@IU1@V?$allocator@UPoint@@@std@@U1@@std@@YAXPAUPoint@@IPBU1@AAV?$allocator@UPoint@@@0@0U_Nonscalar_ptr_iterator_tag@0@@Z,0x9f1480,0xbd
??$_Uninit_copy@V?$_Vector_const_iterator@V?$_Vector_val@UPoint@@V?$allocator@UPoint@@@std@@@std@@@std@@PAUPoint@@V?$allocator@UPoint@@@2@@std@@YAPAUPoint@@V?$_Vector_const_iterator@V?$_Vector_val@UPoint@@V?$allocator@UPoint@@@std@@@std@@@0@0PAU1@AAV?$allocator@UPoint@@@0@U_Nonscalar_ptr_iterator_tag@0@@Z,0x9f98b0,0xd1
??E?$_Vector_const_iterator@V?$_Vector_val@UPoint@@V?$allocator@UPoint@@@std@@@std@@@std@@QAEAAV01@XZ,0x9fcdf0,0x1b
?push_back@?$vector@IV?$allocator@I@std@@@std@@QAEXABI@Z,0x9b80b0,0xfa
?max_size@?$vector@IV?$allocator@I@std@@@std@@QBEIXZ,0x9c2ab0,0x16
?allocate@?$allocator@I@std@@QAEPAII@Z,0x9c2b70,0x1b
??$_Cons_val@V?$allocator@I@std@@IAAI@std@@YAXAAV?$allocator@I@0@PAIAAI@Z,0x9e3570,0x1e
??$_Cons_val@V?$allocator@I@std@@IABI@std@@YAXAAV?$allocator@I@0@PAIABI@Z,0x9e3570,0x1e
??$_Umove@PAI@?$vector@IV?$allocator@I@std@@@std@@IAEPAIPAI00@Z,0x9e3540,0x28
?construct@?$allocator@I@std@@QAEXPAIABI@Z,0x9be6c0,0x1d
??$_Uninitialized_move@PAIPAIV?$allocator@I@std@@@std@@YAPAIPAI00AAV?$allocator@I@0@@Z,0x9f0920,0x45
?push_back@?$vector@PAV?$vector@VHEntity@@V?$allocator@VHEntity@@@std@@@std@@V?$allocator@PAV?$vector@VHEntity@@V?$allocator@VHEntity@@@std@@@std@@@2@@std@@QAEX$$QAPAV?$vector@VHEntity@@V?$allocator@VHEntity@@@std@@@2@@Z,0x9b7cf0,0x110
?max_size@?$vector@PAV?$vector@VHEntity@@V?$allocator@VHEntity@@@std@@@std@@V?$allocator@PAV?$vector@VHEntity@@V?$allocator@VHEntity@@@std@@@std@@@2@@std@@QBEIXZ,0x9c2ab0,0x16
?_Destroy@?$vector@PAV?$vector@VHEntity@@V?$allocator@VHEntity@@@std@@@std@@V?$allocator@PAV?$vector@VHEntity@@V?$allocator@VHEntity@@@std@@@std@@@2@@std@@IAEXPAPAV?$vector@VHEntity@@V?$allocator@VHEntity@@@std@@@2@0@Z,0x9c32a0,0x24
?allocate@?$allocator@PAV?$vector@VHEntity@@V?$allocator@VHEntity@@@std@@@std@@@std@@QAEPAPAV?$vector@VHEntity@@V?$allocator@VHEntity@@@std@@@2@I@Z,0x9c2b70,0x1b
??$_Cons_val@V?$allocator@PAV?$vector@VHEntity@@V?$allocator@VHEntity@@@std@@@std@@@std@@PAV?$vector@VHEntity@@V?$allocator@VHEntity@@@std@@@2@PAV32@@std@@YAXAAV?$allocator@PAV?$vector@VHEntity@@V?$allocator@VHEntity@@@std@@@std@@@0@PAPAV?$vector@VHEntity@@V?$allocator@VHEntity@@@std@@@0@$$QAPAV20@@Z,0x9e3570,0x1e
??$_Umove@PAPAV?$vector@VHEntity@@V?$allocator@VHEntity@@@std@@@std@@@?$vector@PAV?$vector@VHEntity@@V?$allocator@VHEntity@@@std@@@std@@V?$allocator@PAV?$vector@VHEntity@@V?$allocator@VHEntity@@@std@@@std@@@2@@std@@IAEPAPAV?$vector@VHEntity@@V?$allocator@VHEntity@@@std@@@1@PAPAV21@00@Z,0x9e3540,0x28
??$_Destroy_range@V?$allocator@PAV?$vector@VHEntity@@V?$allocator@VHEntity@@@std@@@std@@@std@@@std@@YAXPAPAV?$vector@VHEntity@@V?$allocator@VHEntity@@@std@@@0@0AAV?$allocator@PAV?$vector@VHEntity@@V?$allocator@VHEntity@@@std@@@std@@@0@@Z,0x9e4e40,0x34
??$_Uninitialized_move@PAPAV?$vector@VHEntity@@V?$allocator@VHEntity@@@std@@@std@@PAPAV12@V?$allocator@PAV?$vector@VHEntity@@V?$allocator@VHEntity@@@std@@@std@@@2@@std@@YAPAPAV?$vector@VHEntity@@V?$allocator@VHEntity@@@std@@@0@PAPAV10@00AAV?$allocator@PAV?$vector@VHEntity@@V?$allocator@VHEntity@@@std@@@std@@@0@@Z,0x9f0920,0x45
??_EXRoot@@UAEPAXI@Z,0x9bad50,0x2d
??1?$vector@V?$vector@PAVXConsole@@V?$allocator@PAVXConsole@@@std@@@std@@V?$allocator@V?$vector@PAVXConsole@@V?$allocator@PAVXConsole@@@std@@@std@@@2@@std@@QAE@XZ,0x9b2bf0,0x53
?_Tidy@?$vector@V?$vector@PAVXConsole@@V?$allocator@PAVXConsole@@@std@@@std@@V?$allocator@V?$vector@PAVXConsole@@V?$allocator@PAVXConsole@@@std@@@std@@@2@@std@@IAEXXZ,0x9bd810,0x6e
?_Destroy@?$vector@V?$vector@PAVXConsole@@V?$allocator@PAVXConsole@@@std@@@std@@V?$allocator@V?$vector@PAVXConsole@@V?$allocator@PAVXConsole@@@std@@@std@@@2@@std@@IAEXPAV?$vector@PAVXConsole@@V?$allocator@PAVXConsole@@@std@@@2@0@Z,0x9c32a0,0x24
??$_Destroy_range@V?$allocator@V?$vector@PAVXConsole@@V?$allocator@PAVXConsole@@@std@@@std@@@std@@@std@@YAXPAV?$vector@PAVXConsole@@V?$allocator@PAVXConsole@@@std@@@0@0AAV?$allocator@V?$vector@PAVXConsole@@V?$allocator@PAVXConsole@@@std@@@std@@@0@@Z,0x9e4e40,0x34
??$_Destroy_range@V?$allocator@V?$vector@PAVXConsole@@V?$allocator@PAVXConsole@@@std@@@std@@@std@@@std@@YAXPAV?$vector@PAVXConsole@@V?$allocator@PAVXConsole@@@std@@@0@0AAV?$allocator@V?$vector@PAVXConsole@@V?$allocator@PAVXConsole@@@std@@@std@@@0@U_Nonscalar_ptr_iterator_tag@0@@Z,0x9f1450,0x2a
??$_Dest_val@V?$allocator@V?$vector@PAVXConsole@@V?$allocator@PAVXConsole@@@std@@@std@@@std@@V?$vector@PAVXConsole@@V?$allocator@PAVXConsole@@@std@@@2@@std@@YAXAAV?$allocator@V?$vector@PAVXConsole@@V?$allocator@PAVXConsole@@@std@@@std@@@0@PAV?$vector@PAVXConsole@@V?$allocator@PAVXConsole@@@std@@@0@@Z,0x9e3520,0x11
?destroy@?$allocator@V?$vector@PAVXConsole@@V?$allocator@PAVXConsole@@@std@@@std@@@std@@QAEXPAV?$vector@PAVXConsole@@V?$allocator@PAVXConsole@@@std@@@2@@Z,0x9e7f20,0x19
??$_Destroy@V?$vector@PAVXConsole@@V?$allocator@PAVXConsole@@@std@@@std@@@std@@YAXPAV?$vector@PAVXConsole@@V?$allocator@PAVXConsole@@@std@@@0@@Z,0x9f3b70,0xf
??_G?$vector@PAVXConsole@@V?$allocator@PAVXConsole@@@std@@@std@@QAEPAXI@Z,0x9bad50,0x2d
??_GEntityPart4563c0@@QAEPAXI@Z,0x9bad50,0x2d
??_GEntityPart4588f0@@QAEPAXI@Z,0x9bad50,0x2d
??_GEntityAI@@QAEPAXI@Z,0x9bad50,0x2d
??0?$basic_string@DU?$char_traits@D@std@@V?$allocator@D@2@@std@@QAE@V?$_String_const_iterator@DU?$char_traits@D@std@@V?$allocator@D@2@@1@0@Z,0x9af1f0,0x9a
??1?$vector@PAUEntityData4563c0@@V?$allocator@PAUEntityData4563c0@@@std@@@std@@QAE@XZ,0x9b2bf0,0x53
?_Destroy@?$vector@PAUEntityData4563c0@@V?$allocator@PAUEntityData4563c0@@@std@@@std@@IAEXPAPAUEntityData4563c0@@0@Z,0x9c32a0,0x24
??$_Destroy_range@V?$allocator@PAUEntityData4563c0@@@std@@@std@@YAXPAPAUEntityData4563c0@@0AAV?$allocator@PAUEntityData4563c0@@@0@@Z,0x9e4e40,0x34
?_Reserve@?$vector@PAUMapRecord@@V?$allocator@PAUMapRecord@@@std@@@std@@IAEXI@Z,0x9bc4c0,0x61
?max_size@?$vector@PAUMapRecord@@V?$allocator@PAUMapRecord@@@std@@@std@@QBEIXZ,0x9c2ab0,0x16
?_Destroy@?$vector@PAUMapRecord@@V?$allocator@PAUMapRecord@@@std@@@std@@IAEXPAPAUMapRecord@@0@Z,0x9c32a0,0x24
?allocate@?$allocator@PAUMapRecord@@@std@@QAEPAPAUMapRecord@@I@Z,0x9c2b70,0x1b
??$_Cons_val@V?$allocator@PAUMapRecord@@@std@@PAUMapRecord@@AAPAU3@@std@@YAXAAV?$allocator@PAUMapRecord@@@0@PAPAUMapRecord@@AAPAU2@@Z,0x9e3570,0x1e
??$_Cons_val@V?$allocator@PAUMapRecord@@@std@@PAUMapRecord@@ABQAU3@@std@@YAXAAV?$allocator@PAUMapRecord@@@0@PAPAUMapRecord@@ABQAU2@@Z,0x9e3570,0x1e
??$_Umove@PAPAUMapRecord@@@?$vector@PAUMapRecord@@V?$allocator@PAUMapRecord@@@std@@@std@@IAEPAPAUMapRecord@@PAPAU2@00@Z,0x9e3540,0x28
??$_Destroy_range@V?$allocator@PAUMapRecord@@@std@@@std@@YAXPAPAUMapRecord@@0AAV?$allocator@PAUMapRecord@@@0@@Z,0x9e4e40,0x34
?construct@?$allocator@PAUMapRecord@@@std@@QAEXPAPAUMapRecord@@ABQAU3@@Z,0x9be6c0,0x1d
??$_Uninitialized_move@PAPAUMapRecord@@PAPAU1@V?$allocator@PAUMapRecord@@@std@@@std@@YAPAPAUMapRecord@@PAPAU1@00AAV?$allocator@PAUMapRecord@@@0@@Z,0x9f0920,0x45
?push_back@?$vector@VHEntity@@V?$allocator@VHEntity@@@std@@@std@@QAEXABVHEntity@@@Z,0x9b80b0,0xfa
?push_back@?$vector@PAVXBuffer@@V?$allocator@PAVXBuffer@@@std@@@std@@QAEXABQAVXBuffer@@@Z,0x9b80b0,0xfa
?max_size@?$vector@VHEntity@@V?$allocator@VHEntity@@@std@@@std@@QBEIXZ,0x9c2ab0,0x16
?allocate@?$allocator@VHEntity@@@std@@QAEPAVHEntity@@I@Z,0x9c2b70,0x1b
??$_Cons_val@V?$allocator@VHEntity@@@std@@VHEntity@@AAV3@@std@@YAXAAV?$allocator@VHEntity@@@0@PAVHEntity@@AAV2@@Z,0x9e3570,0x1e
??$_Cons_val@V?$allocator@VHEntity@@@std@@VHEntity@@ABV3@@std@@YAXAAV?$allocator@VHEntity@@@0@PAVHEntity@@ABV2@@Z,0x9e3570,0x1e
??$_Cons_val@V?$allocator@PAVXBuffer@@@std@@PAVXBuffer@@AAPAV3@@std@@YAXAAV?$allocator@PAVXBuffer@@@0@PAPAVXBuffer@@AAPAV2@@Z,0x9e3570,0x1e
??$_Cons_val@V?$allocator@PAVXBuffer@@@std@@PAVXBuffer@@ABQAV3@@std@@YAXAAV?$allocator@PAVXBuffer@@@0@PAPAVXBuffer@@ABQAV2@@Z,0x9e3570,0x1e
??$_Umove@PAVHEntity@@@?$vector@VHEntity@@V?$allocator@VHEntity@@@std@@@std@@IAEPAVHEntity@@PAV2@00@Z,0x9e3540,0x28
?construct@?$allocator@VHEntity@@@std@@QAEXPAVHEntity@@ABV3@@Z,0x9be6c0,0x1d
?construct@?$allocator@PAVXBuffer@@@std@@QAEXPAPAVXBuffer@@ABQAV3@@Z,0x9be6c0,0x1d
??$construct@AAVHEntity@@@?$allocator@VHEntity@@@std@@QAEXPAVHEntity@@AAV2@@Z,0x9e8350,0x4e
??$_Uninitialized_move@PAVHEntity@@PAV1@V?$allocator@VHEntity@@@std@@@std@@YAPAVHEntity@@PAV1@00AAV?$allocator@VHEntity@@@0@@Z,0x9f0920,0x45
??$_Construct@VHEntity@@ABV1@@std@@YAXPAVHEntity@@ABV1@@Z,0x9f4140,0x4f
??$_Uninit_move@PAVHEntity@@PAV1@V?$allocator@VHEntity@@@std@@V1@@std@@YAPAVHEntity@@PAV1@00AAV?$allocator@VHEntity@@@0@0U_Nonscalar_ptr_iterator_tag@0@@Z,0xa01970,0xc2
??$_Cons_val@V?$allocator@VHEntity@@@std@@VHEntity@@V3@@std@@YAXAAV?$allocator@VHEntity@@@0@PAVHEntity@@$$QAV2@@Z,0x9e3570,0x1e
?construct@?$allocator@VHEntity@@@std@@QAEXPAVHEntity@@$$QAV3@@Z,0x9e8350,0x4e
?push_back@?$vector@PAVXBufferB@@V?$allocator@PAVXBufferB@@@std@@@std@@QAEXABQAVXBufferB@@@Z,0x9b80b0,0xfa
?back@?$vector@PAUMapRecord@@V?$allocator@PAUMapRecord@@@std@@@std@@QAEAAPAUMapRecord@@XZ,0x9afc50,0x2d
?back@?$vector@PAVXBuffer@@V?$allocator@PAVXBuffer@@@std@@@std@@QAEAAPAVXBuffer@@XZ,0x9afc50,0x2d
?_Reserve@?$vector@PAVXBufferB@@V?$allocator@PAVXBufferB@@@std@@@std@@IAEXI@Z,0x9bc4c0,0x61
?end@?$vector@PAUMapRecord@@V?$allocator@PAUMapRecord@@@std@@@std@@QAE?AV?$_Vector_iterator@V?$_Vector_val@PAUMapRecord@@V?$allocator@PAUMapRecord@@@std@@@std@@@2@XZ,0x9b8c80,0x23
?end@?$vector@PAVXBuffer@@V?$allocator@PAVXBuffer@@@std@@@std@@QAE?AV?$_Vector_iterator@V?$_Vector_val@PAVXBuffer@@V?$allocator@PAVXBuffer@@@std@@@std@@@2@XZ,0x9b8c80,0x23
??D?$_Vector_iterator@V?$_Vector_val@PAUMapRecord@@V?$allocator@PAUMapRecord@@@std@@@std@@@std@@QBEAAPAUMapRecord@@XZ,0x9b0140,0x13
??G?$_Vector_iterator@V?$_Vector_val@PAUMapRecord@@V?$allocator@PAUMapRecord@@@std@@@std@@@std@@QBE?AV01@H@Z,0x9b0980,0x2d
??G?$_Vector_iterator@V?$_Vector_val@PAVXBuffer@@V?$allocator@PAVXBuffer@@@std@@@std@@@std@@QBE?AV01@H@Z,0x9b0980,0x2d
?max_size@?$vector@PAVXBufferB@@V?$allocator@PAVXBufferB@@@std@@@std@@QBEIXZ,0x9c2ab0,0x16
??0?$_Vector_iterator@V?$_Vector_val@PAUMapRecord@@V?$allocator@PAUMapRecord@@@std@@@std@@@std@@QAE@PAPAUMapRecord@@PBU_Container_base0@1@@Z,0x9b8e30,0x20
??Z?$_Vector_iterator@V?$_Vector_val@PAUMapRecord@@V?$allocator@PAUMapRecord@@@std@@@std@@@std@@QAEAAV01@H@Z,0x9bc9d0,0x1b
??Z?$_Vector_iterator@V?$_Vector_val@PAVXBuffer@@V?$allocator@PAVXBuffer@@@std@@@std@@@std@@QAEAAV01@H@Z,0x9bc9d0,0x1b
?_Destroy@?$vector@PAVXBufferB@@V?$allocator@PAVXBufferB@@@std@@@std@@IAEXPAPAVXBufferB@@0@Z,0x9c32a0,0x24
?allocate@?$allocator@PAVXBufferB@@@std@@QAEPAPAVXBufferB@@I@Z,0x9c2b70,0x1b
??Y?$_Vector_iterator@V?$_Vector_val@PAUMapRecord@@V?$allocator@PAUMapRecord@@@std@@@std@@@std@@QAEAAV01@H@Z,0x9b3730,0x1c
??Y?$_Vector_iterator@V?$_Vector_val@PAVXBuffer@@V?$allocator@PAVXBuffer@@@std@@@std@@@std@@QAEAAV01@H@Z,0x9b3730,0x1c
??$_Cons_val@V?$allocator@PAVXBufferB@@@std@@PAVXBufferB@@AAPAV3@@std@@YAXAAV?$allocator@PAVXBufferB@@@0@PAPAVXBufferB@@AAPAV2@@Z,0x9e3570,0x1e
??$_Cons_val@V?$allocator@PAVXBufferB@@@std@@PAVXBufferB@@ABQAV3@@std@@YAXAAV?$allocator@PAVXBufferB@@@0@PAPAVXBufferB@@ABQAV2@@Z,0x9e3570,0x1e
??$_Umove@PAPAVXBufferB@@@?$vector@PAVXBufferB@@V?$allocator@PAVXBufferB@@@std@@@std@@IAEPAPAVXBufferB@@PAPAV2@00@Z,0x9e3540,0x28
??$_Destroy_range@V?$allocator@PAVXBufferB@@@std@@@std@@YAXPAPAVXBufferB@@0AAV?$allocator@PAVXBufferB@@@0@@Z,0x9e4e40,0x34
?construct@?$allocator@PAVXBufferB@@@std@@QAEXPAPAVXBufferB@@ABQAV3@@Z,0x9be6c0,0x1d
??$_Uninitialized_move@PAPAVXBufferB@@PAPAV1@V?$allocator@PAVXBufferB@@@std@@@std@@YAPAPAVXBufferB@@PAPAV1@00AAV?$allocator@PAVXBufferB@@@0@@Z,0x9f0920,0x45
?begin@?$vector@VHItem@@V?$allocator@VHItem@@@std@@@std@@QAE?AV?$_Vector_iterator@V?$_Vector_val@VHItem@@V?$allocator@VHItem@@@std@@@std@@@2@XZ,0x9b3820,0x22
??D?$_Vector_iterator@V?$_Vector_val@VHItem@@V?$allocator@VHItem@@@std@@@std@@@std@@QBEAAVHItem@@XZ,0x9b0140,0x13
??0?$_Vector_iterator@V?$_Vector_val@VHItem@@V?$allocator@VHItem@@@std@@@std@@@std@@QAE@PAVHItem@@PBU_Container_base0@1@@Z,0x9b8e30,0x20
??_GUnknownRecordList45c@@QAEPAXI@Z,0x9bad50,0x2d
??_ESTrapTrigger@@UAEPAXI@Z,0x9bad50,0x2d
?empty@?$basic_string@DU?$char_traits@D@std@@V?$allocator@D@2@@std@@QBE_NXZ,0x9afcd0,0x19
??1?$vector@VHItem@@V?$allocator@VHItem@@@std@@@std@@QAE@XZ,0x9b2bf0,0x53
??1?$vector@PAUCellEffect@@V?$allocator@PAUCellEffect@@@std@@@std@@QAE@XZ,0x9b2bf0,0x53
??1?$vector@PAUUnknownEntry45c@@V?$allocator@PAUUnknownEntry45c@@@std@@@std@@QAE@XZ,0x9b2bf0,0x53
?push_back@?$vector@PAUUnknownEntry45c@@V?$allocator@PAUUnknownEntry45c@@@std@@@std@@QAEXABQAUUnknownEntry45c@@@Z,0x9b80b0,0xfa
?_Destroy@?$vector@VHItem@@V?$allocator@VHItem@@@std@@@std@@IAEXPAVHItem@@0@Z,0x9c32a0,0x24
?_Destroy@?$vector@PAUCellEffect@@V?$allocator@PAUCellEffect@@@std@@@std@@IAEXPAPAUCellEffect@@0@Z,0x9c32a0,0x24
?max_size@?$vector@PAUUnknownEntry45c@@V?$allocator@PAUUnknownEntry45c@@@std@@@std@@QBEIXZ,0x9c2ab0,0x16
?_Destroy@?$vector@PAUUnknownEntry45c@@V?$allocator@PAUUnknownEntry45c@@@std@@@std@@IAEXPAPAUUnknownEntry45c@@0@Z,0x9c32a0,0x24
?allocate@?$allocator@PAUUnknownEntry45c@@@std@@QAEPAPAUUnknownEntry45c@@I@Z,0x9c2b70,0x1b
??$_Cons_val@V?$allocator@PAUUnknownEntry45c@@@std@@PAUUnknownEntry45c@@AAPAU3@@std@@YAXAAV?$allocator@PAUUnknownEntry45c@@@0@PAPAUUnknownEntry45c@@AAPAU2@@Z,0x9e3570,0x1e
??$_Cons_val@V?$allocator@PAUUnknownEntry45c@@@std@@PAUUnknownEntry45c@@ABQAU3@@std@@YAXAAV?$allocator@PAUUnknownEntry45c@@@0@PAPAUUnknownEntry45c@@ABQAU2@@Z,0x9e3570,0x1e
??$_Destroy_range@V?$allocator@VHItem@@@std@@@std@@YAXPAVHItem@@0AAV?$allocator@VHItem@@@0@@Z,0x9e4e40,0x34
??$_Destroy_range@V?$allocator@PAUCellEffect@@@std@@@std@@YAXPAPAUCellEffect@@0AAV?$allocator@PAUCellEffect@@@0@@Z,0x9e4e40,0x34
??$_Umove@PAPAUUnknownEntry45c@@@?$vector@PAUUnknownEntry45c@@V?$allocator@PAUUnknownEntry45c@@@std@@@std@@IAEPAPAUUnknownEntry45c@@PAPAU2@00@Z,0x9e3540,0x28
??$_Destroy_range@V?$allocator@PAUUnknownEntry45c@@@std@@@std@@YAXPAPAUUnknownEntry45c@@0AAV?$allocator@PAUUnknownEntry45c@@@0@@Z,0x9e4e40,0x34
?construct@?$allocator@PAUUnknownEntry45c@@@std@@QAEXPAPAUUnknownEntry45c@@ABQAU3@@Z,0x9be6c0,0x1d
??$_Uninitialized_move@PAPAUUnknownEntry45c@@PAPAU1@V?$allocator@PAUUnknownEntry45c@@@std@@@std@@YAPAPAUUnknownEntry45c@@PAPAU1@00AAV?$allocator@PAUUnknownEntry45c@@@0@@Z,0x9f0920,0x45
??$_Dest_val@V?$allocator@VHItem@@@std@@VHItem@@@std@@YAXAAV?$allocator@VHItem@@@0@PAVHItem@@@Z,0x9e3520,0x11
?destroy@?$allocator@VHItem@@@std@@QAEXPAVHItem@@@Z,0x9e7f20,0x19
?push_back@?$vector@PAUItemEffect@@V?$allocator@PAUItemEffect@@@std@@@std@@QAEXABQAUItemEffect@@@Z,0x9b80b0,0xfa
??1?$vector@PAUEntityData4588f0@@V?$allocator@PAUEntityData4588f0@@@std@@@std@@QAE@XZ,0x9b2bf0,0x53
?max_size@?$vector@PAUItemEffect@@V?$allocator@PAUItemEffect@@@std@@@std@@QBEIXZ,0x9c2ab0,0x16
?_Destroy@?$vector@PAUEntityData4588f0@@V?$allocator@PAUEntityData4588f0@@@std@@@std@@IAEXPAPAUEntityData4588f0@@0@Z,0x9c32a0,0x24
?_Destroy@?$vector@PAUItemEffect@@V?$allocator@PAUItemEffect@@@std@@@std@@IAEXPAPAUItemEffect@@0@Z,0x9c32a0,0x24
?allocate@?$allocator@PAUItemEffect@@@std@@QAEPAPAUItemEffect@@I@Z,0x9c2b70,0x1b
??$_Cons_val@V?$allocator@PAUItemEffect@@@std@@PAUItemEffect@@AAPAU3@@std@@YAXAAV?$allocator@PAUItemEffect@@@0@PAPAUItemEffect@@AAPAU2@@Z,0x9e3570,0x1e
??$_Cons_val@V?$allocator@PAUItemEffect@@@std@@PAUItemEffect@@ABQAU3@@std@@YAXAAV?$allocator@PAUItemEffect@@@0@PAPAUItemEffect@@ABQAU2@@Z,0x9e3570,0x1e
??$_Umove@PAPAUItemEffect@@@?$vector@PAUItemEffect@@V?$allocator@PAUItemEffect@@@std@@@std@@IAEPAPAUItemEffect@@PAPAU2@00@Z,0x9e3540,0x28
??$_Destroy_range@V?$allocator@PAUEntityData4588f0@@@std@@@std@@YAXPAPAUEntityData4588f0@@0AAV?$allocator@PAUEntityData4588f0@@@0@@Z,0x9e4e40,0x34
??$_Destroy_range@V?$allocator@PAUItemEffect@@@std@@@std@@YAXPAPAUItemEffect@@0AAV?$allocator@PAUItemEffect@@@0@@Z,0x9e4e40,0x34
?construct@?$allocator@PAUItemEffect@@@std@@QAEXPAPAUItemEffect@@ABQAU3@@Z,0x9be6c0,0x1d
??$_Uninitialized_move@PAPAUItemEffect@@PAPAU1@V?$allocator@PAUItemEffect@@@std@@@std@@YAPAPAUItemEffect@@PAPAU1@00AAV?$allocator@PAUItemEffect@@@0@@Z,0x9f0920,0x45
??_ECInfo@@UAEPAXI@Z,0x9bad50,0x2d
??_ECInfoCompare@@UAEPAXI@Z,0x9bad50,0x2d
??_ECInfoCompareData@@UAEPAXI@Z,0x9bad50,0x2d
??_GCInfoCompareData@@UAEPAXI@Z,0x9bad50,0x2d
?insert@?$basic_string@DU?$char_traits@D@std@@V?$allocator@D@2@@std@@QAEXV?$_String_const_iterator@DU?$char_traits@D@std@@V?$allocator@D@2@@2@ID@Z,0x9af8f0,0x48
??1?$vector@PAVCInfoEntry@@V?$allocator@PAVCInfoEntry@@@std@@@std@@QAE@XZ,0x9b2bf0,0x53
?push_back@?$vector@PAVCInfoEntry@@V?$allocator@PAVCInfoEntry@@@std@@@std@@QAEXABQAVCInfoEntry@@@Z,0x9b80b0,0xfa
?insert@?$basic_string@DU?$char_traits@D@std@@V?$allocator@D@2@@std@@QAEAAV12@IID@Z,0x9af7c0,0xb2
?max_size@?$vector@PAVCInfoEntry@@V?$allocator@PAVCInfoEntry@@@std@@@std@@QBEIXZ,0x9c2ab0,0x16
?_Destroy@?$vector@PAVCInfoEntry@@V?$allocator@PAVCInfoEntry@@@std@@@std@@IAEXPAPAVCInfoEntry@@0@Z,0x9c32a0,0x24
?allocate@?$allocator@PAVCInfoEntry@@@std@@QAEPAPAVCInfoEntry@@I@Z,0x9c2b70,0x1b
??$_Cons_val@V?$allocator@PAVCInfoEntry@@@std@@PAVCInfoEntry@@AAPAV3@@std@@YAXAAV?$allocator@PAVCInfoEntry@@@0@PAPAVCInfoEntry@@AAPAV2@@Z,0x9e3570,0x1e
??$_Cons_val@V?$allocator@PAVCInfoEntry@@@std@@PAVCInfoEntry@@ABQAV3@@std@@YAXAAV?$allocator@PAVCInfoEntry@@@0@PAPAVCInfoEntry@@ABQAV2@@Z,0x9e3570,0x1e
??$_Umove@PAPAVCInfoEntry@@@?$vector@PAVCInfoEntry@@V?$allocator@PAVCInfoEntry@@@std@@@std@@IAEPAPAVCInfoEntry@@PAPAV2@00@Z,0x9e3540,0x28
??$_Destroy_range@V?$allocator@PAVCInfoEntry@@@std@@@std@@YAXPAPAVCInfoEntry@@0AAV?$allocator@PAVCInfoEntry@@@0@@Z,0x9e4e40,0x34
?construct@?$allocator@PAVCInfoEntry@@@std@@QAEXPAPAVCInfoEntry@@ABQAV3@@Z,0x9be6c0,0x1d
??$_Uninitialized_move@PAPAVCInfoEntry@@PAPAV1@V?$allocator@PAVCInfoEntry@@@std@@@std@@YAPAPAVCInfoEntry@@PAPAV1@00AAV?$allocator@PAVCInfoEntry@@@0@@Z,0x9f0920,0x45
?push_back@?$vector@VHItem@@V?$allocator@VHItem@@@std@@@std@@QAEXABVHItem@@@Z,0x9b80b0,0xfa
?push_back@?$vector@VHProp@@V?$allocator@VHProp@@@std@@@std@@QAEXABVHProp@@@Z,0x9b80b0,0xfa
?_Reserve@?$vector@VHProp@@V?$allocator@VHProp@@@std@@@std@@IAEXI@Z,0x9bc4c0,0x61
?max_size@?$vector@VHItem@@V?$allocator@VHItem@@@std@@@std@@QBEIXZ,0x9c2ab0,0x16
?max_size@?$vector@VHProp@@V?$allocator@VHProp@@@std@@@std@@QBEIXZ,0x9c2ab0,0x16
?allocate@?$allocator@VHItem@@@std@@QAEPAVHItem@@I@Z,0x9c2b70,0x1b
?_Destroy@?$vector@VHProp@@V?$allocator@VHProp@@@std@@@std@@IAEXPAVHProp@@0@Z,0x9c32a0,0x24
?allocate@?$allocator@VHProp@@@std@@QAEPAVHProp@@I@Z,0x9c2b70,0x1b
??$_Cons_val@V?$allocator@VHItem@@@std@@VHItem@@AAV3@@std@@YAXAAV?$allocator@VHItem@@@0@PAVHItem@@AAV2@@Z,0x9e3570,0x1e
??$_Cons_val@V?$allocator@VHItem@@@std@@VHItem@@ABV3@@std@@YAXAAV?$allocator@VHItem@@@0@PAVHItem@@ABV2@@Z,0x9e3570,0x1e
??$_Cons_val@V?$allocator@VHProp@@@std@@VHProp@@AAV3@@std@@YAXAAV?$allocator@VHProp@@@0@PAVHProp@@AAV2@@Z,0x9e3570,0x1e
??$_Cons_val@V?$allocator@VHProp@@@std@@VHProp@@ABV3@@std@@YAXAAV?$allocator@VHProp@@@0@PAVHProp@@ABV2@@Z,0x9e3570,0x1e
??$_Umove@PAVHItem@@@?$vector@VHItem@@V?$allocator@VHItem@@@std@@@std@@IAEPAVHItem@@PAV2@00@Z,0x9e3540,0x28
??$_Umove@PAVHProp@@@?$vector@VHProp@@V?$allocator@VHProp@@@std@@@std@@IAEPAVHProp@@PAV2@00@Z,0x9e3540,0x28
??$_Destroy_range@V?$allocator@VHProp@@@std@@@std@@YAXPAVHProp@@0AAV?$allocator@VHProp@@@0@@Z,0x9e4e40,0x34
?construct@?$allocator@VHItem@@@std@@QAEXPAVHItem@@ABV3@@Z,0x9be6c0,0x1d
?construct@?$allocator@VHProp@@@std@@QAEXPAVHProp@@ABV3@@Z,0x9be6c0,0x1d
??$construct@AAVHItem@@@?$allocator@VHItem@@@std@@QAEXPAVHItem@@AAV2@@Z,0x9e8350,0x4e
??$construct@AAVHProp@@@?$allocator@VHProp@@@std@@QAEXPAVHProp@@AAV2@@Z,0x9e8350,0x4e
??$_Uninitialized_move@PAVHItem@@PAV1@V?$allocator@VHItem@@@std@@@std@@YAPAVHItem@@PAV1@00AAV?$allocator@VHItem@@@0@@Z,0x9f0920,0x45
??$_Uninitialized_move@PAVHProp@@PAV1@V?$allocator@VHProp@@@std@@@std@@YAPAVHProp@@PAV1@00AAV?$allocator@VHProp@@@0@@Z,0x9f0920,0x45
??$_Construct@VHItem@@ABV1@@std@@YAXPAVHItem@@ABV1@@Z,0x9f4140,0x4f
??$_Construct@VHProp@@ABV1@@std@@YAXPAVHProp@@ABV1@@Z,0x9f4140,0x4f
??$_Uninit_move@PAVHItem@@PAV1@V?$allocator@VHItem@@@std@@V1@@std@@YAPAVHItem@@PAV1@00AAV?$allocator@VHItem@@@0@0U_Nonscalar_ptr_iterator_tag@0@@Z,0xa01970,0xc2
??$_Uninit_move@PAVHProp@@PAV1@V?$allocator@VHProp@@@std@@V1@@std@@YAPAVHProp@@PAV1@00AAV?$allocator@VHProp@@@0@0U_Nonscalar_ptr_iterator_tag@0@@Z,0xa01970,0xc2
??$_Dest_val@V?$allocator@VHProp@@@std@@VHProp@@@std@@YAXAAV?$allocator@VHProp@@@0@PAVHProp@@@Z,0x9e3520,0x11
?destroy@?$allocator@VHProp@@@std@@QAEXPAVHProp@@@Z,0x9e7f20,0x19
??$_Cons_val@V?$allocator@VHItem@@@std@@VHItem@@V3@@std@@YAXAAV?$allocator@VHItem@@@0@PAVHItem@@$$QAV2@@Z,0x9e3570,0x1e
??$_Cons_val@V?$allocator@VHProp@@@std@@VHProp@@V3@@std@@YAXAAV?$allocator@VHProp@@@0@PAVHProp@@$$QAV2@@Z,0x9e3570,0x1e
?construct@?$allocator@VHItem@@@std@@QAEXPAVHItem@@$$QAV3@@Z,0x9e8350,0x4e
?construct@?$allocator@VHProp@@@std@@QAEXPAVHProp@@$$QAV3@@Z,0x9e8350,0x4e
??1?$vector@VHProp@@V?$allocator@VHProp@@@std@@@std@@QAE@XZ,0x9b2bf0,0x53
?clear@?$vector@VHProp@@V?$allocator@VHProp@@@std@@@std@@QAEXXZ,0x9b0900,0x43
??1?$vector@PAVItemBase454630@@V?$allocator@PAVItemBase454630@@@std@@@std@@QAE@XZ,0x9b2bf0,0x53
?begin@?$vector@VHProp@@V?$allocator@VHProp@@@std@@@std@@QAE?AV?$_Vector_iterator@V?$_Vector_val@VHProp@@V?$allocator@VHProp@@@std@@@std@@@2@XZ,0x9b3820,0x22
?erase@?$vector@VHProp@@V?$allocator@VHProp@@@std@@@std@@QAE?AV?$_Vector_iterator@V?$_Vector_val@VHProp@@V?$allocator@VHProp@@@std@@@std@@@2@V?$_Vector_const_iterator@V?$_Vector_val@VHProp@@V?$allocator@VHProp@@@std@@@std@@@2@0@Z,0x9bc2a0,0x91
?_Destroy@?$vector@PAVItemBase454630@@V?$allocator@PAVItemBase454630@@@std@@@std@@IAEXPAPAVItemBase454630@@0@Z,0x9c32a0,0x24
??0?$_Vector_iterator@V?$_Vector_val@VHProp@@V?$allocator@VHProp@@@std@@@std@@@std@@QAE@PAVHProp@@PBU_Container_base0@1@@Z,0x9b8e30,0x20
??9?$_Vector_const_iterator@V?$_Vector_val@VHProp@@V?$allocator@VHProp@@@std@@@std@@@std@@QBE_NABV01@@Z,0x9b8e00,0x23
??$_Move@PAVHProp@@PAV1@@std@@YAPAVHProp@@PAV1@00@Z,0x9e3590,0x34
??$_Destroy_range@V?$allocator@PAVItemBase454630@@@std@@@std@@YAXPAPAVItemBase454630@@0AAV?$allocator@PAVItemBase454630@@@0@@Z,0x9e4e40,0x34
??_ECEffects@@UAEPAXI@Z,0x9bad50,0x2d
??_ECMission@@UAEPAXI@Z,0x9bad50,0x2d
??_ECMainUiButton@@UAEPAXI@Z,0x9bad50,0x2d
??_GCMainUiButton@@UAEPAXI@Z,0x9bad50,0x2d
??_ECFovEnemiesButton@@UAEPAXI@Z,0x9bad50,0x2d
??_GCFovEnemiesButton@@UAEPAXI@Z,0x9bad50,0x2d
??0sentry@?$basic_istream@DU?$char_traits@D@std@@@std@@QAE@AAV12@_N@Z,0x9affd0,0x6a
??1_Sentry_base@?$basic_istream@DU?$char_traits@D@std@@@std@@QAE@XZ,0x9c7d20,0x4b
??0_Sentry_base@?$basic_istream@DU?$char_traits@D@std@@@std@@QAE@AAV12@@Z,0x9c7cc0,0x5a
??_ECScrapEngineContent@@UAEPAXI@Z,0x9bad50,0x2d
?push_back@?$vector@PAUEntityData4563c0@@V?$allocator@PAUEntityData4563c0@@@std@@@std@@QAEXABQAUEntityData4563c0@@@Z,0x9b80b0,0xfa
?max_size@?$vector@PAUEntityData4563c0@@V?$allocator@PAUEntityData4563c0@@@std@@@std@@QBEIXZ,0x9c2ab0,0x16
?allocate@?$allocator@PAUEntityData4563c0@@@std@@QAEPAPAUEntityData4563c0@@I@Z,0x9c2b70,0x1b
??$_Cons_val@V?$allocator@PAUEntityData4563c0@@@std@@PAUEntityData4563c0@@AAPAU3@@std@@YAXAAV?$allocator@PAUEntityData4563c0@@@0@PAPAUEntityData4563c0@@AAPAU2@@Z,0x9e3570,0x1e
??$_Cons_val@V?$allocator@PAUEntityData4563c0@@@std@@PAUEntityData4563c0@@ABQAU3@@std@@YAXAAV?$allocator@PAUEntityData4563c0@@@0@PAPAUEntityData4563c0@@ABQAU2@@Z,0x9e3570,0x1e
??$_Umove@PAPAUEntityData4563c0@@@?$vector@PAUEntityData4563c0@@V?$allocator@PAUEntityData4563c0@@@std@@@std@@IAEPAPAUEntityData4563c0@@PAPAU2@00@Z,0x9e3540,0x28
?construct@?$allocator@PAUEntityData4563c0@@@std@@QAEXPAPAUEntityData4563c0@@ABQAU3@@Z,0x9be6c0,0x1d
??$_Uninitialized_move@PAPAUEntityData4563c0@@PAPAU1@V?$allocator@PAUEntityData4563c0@@@std@@@std@@YAPAPAUEntityData4563c0@@PAPAU1@00AAV?$allocator@PAUEntityData4563c0@@@0@@Z,0x9f0920,0x45
??_ECNotification@@UAEPAXI@Z,0x9bad50,0x2d
??_ECParse@@UAEPAXI@Z,0x9bad50,0x2d
??_ECTrailer@@UAEPAXI@Z,0x9bad50,0x2d
??_ECRexpaint@@UAEPAXI@Z,0x9bad50,0x2d
??_ECDifficultyButton@@UAEPAXI@Z,0x9bad50,0x2d
??_GCDifficultyButton@@UAEPAXI@Z,0x9bad50,0x2d
??_ECDifficulty@@UAEPAXI@Z,0x9bad50,0x2d
??_ECTitle@@UAEPAXI@Z,0x9bad50,0x2d
??_ECTitleAnimated@@UAEPAXI@Z,0x9bad50,0x2d
??_EXStartupProgress@@UAEPAXI@Z,0x9bad50,0x2d
??1?$vector@PAUFontSet@@V?$allocator@PAUFontSet@@@std@@@std@@QAE@XZ,0x9b2bf0,0x53
?_Destroy@?$vector@PAUFontSet@@V?$allocator@PAUFontSet@@@std@@@std@@IAEXPAPAUFontSet@@0@Z,0x9c32a0,0x24
??$_Destroy_range@V?$allocator@PAUFontSet@@@std@@@std@@YAXPAPAUFontSet@@0AAV?$allocator@PAUFontSet@@@0@@Z,0x9e4e40,0x34
??_ECManualPageButton@@UAEPAXI@Z,0x9bad50,0x2d
??_GCManualPageButton@@UAEPAXI@Z,0x9bad50,0x2d
??0?$vector@_NV?$allocator@_N@std@@@std@@QAE@XZ,0x9b3700,0x27
??0?$_Vb_val@V?$allocator@_N@std@@@std@@QAE@I_NV?$allocator@_N@1@@Z,0x9bde90,0x50
?_Nw@?$_Vb_val@V?$allocator@_N@std@@@std@@SAII@Z,0x9c36d0,0xe
??0?$vector@IV?$allocator@I@std@@@std@@QAE@IABIABV?$allocator@I@1@@Z,0x9c3490,0x7a
?_Construct_n@?$vector@IV?$allocator@I@std@@@std@@QAEXIPBI@Z,0x9c8960,0x9e
?_Ufill@?$vector@IV?$allocator@I@std@@@std@@IAEPAIPAIIPBI@Z,0x9c5b70,0x31
??$_Uninitialized_fill_n@PAIIIV?$allocator@I@std@@@std@@YAXPAIIPBIAAV?$allocator@I@0@@Z,0x9e4390,0x45
??$_Uninit_fill_n@IIII@std@@YAXPAIIPBIAAV?$allocator@I@0@0U_Scalar_ptr_iterator_tag@0@@Z,0x9cfa50,0x19
??$_Fill_n@PAIII@std@@YAXPAIIABI@Z,0x9fb2b0,0x2b
??1?$vector@UHExplosive@@V?$allocator@UHExplosive@@@std@@@std@@QAE@XZ,0x9b2bf0,0x53
?_Tidy@?$vector@UHExplosive@@V?$allocator@UHExplosive@@@std@@@std@@IAEXXZ,0x9be5e0,0x6e
?_Destroy@?$vector@UHExplosive@@V?$allocator@UHExplosive@@@std@@@std@@IAEXPAUHExplosive@@0@Z,0x9c32a0,0x24
??$_Destroy_range@V?$allocator@UHExplosive@@@std@@@std@@YAXPAUHExplosive@@0AAV?$allocator@UHExplosive@@@0@@Z,0x9e4e40,0x34
??$_Destroy_range@V?$allocator@UHExplosive@@@std@@@std@@YAXPAUHExplosive@@0AAV?$allocator@UHExplosive@@@0@U_Nonscalar_ptr_iterator_tag@0@@Z,0x9f19a0,0x2a
??$_Dest_val@V?$allocator@UHExplosive@@@std@@UHExplosive@@@std@@YAXAAV?$allocator@UHExplosive@@@0@PAUHExplosive@@@Z,0x9e3520,0x11
?destroy@?$allocator@UHExplosive@@@std@@QAEXPAUHExplosive@@@Z,0x9e7f20,0x19
??$_Destroy@UHExplosive@@@std@@YAXPAUHExplosive@@@Z,0x9f3b70,0xf
??_GHExplosive@@QAEPAXI@Z,0x9bad50,0x2d
??_H@YGXPAXIHP6EPAX0@Z@Z,0x413960,0x23
??0?$vector@DV?$allocator@D@std@@@std@@QAE@I@Z,0x9b0160,0x69
??0?$vector@DV?$allocator@D@std@@@std@@QAE@IABD@Z,0x9b18d0,0x76
??0?$vector@DV?$allocator@D@std@@@std@@QAE@IABDABV?$allocator@D@1@@Z,0x9c3490,0x7a
??0?$vector@DV?$allocator@D@std@@@std@@QAE@$$QAV01@@Z,0x9b02c0,0x79
??4?$vector@DV?$allocator@D@std@@@std@@QAEAAV01@$$QAV01@@Z,0x9f5260,0x25
?capacity@?$vector@DV?$allocator@D@std@@@std@@QBEIXZ,0x9c3060,0x16
?begin@?$vector@DV?$allocator@D@std@@@std@@QAE?AV?$_Vector_iterator@V?$_Vector_val@DV?$allocator@D@std@@@std@@@2@XZ,0x9b3820,0x22
?begin@?$vector@DV?$allocator@D@std@@@std@@QBE?AV?$_Vector_const_iterator@V?$_Vector_val@DV?$allocator@D@std@@@std@@@2@XZ,0x9b3820,0x22
?size@?$vector@DV?$allocator@D@std@@@std@@QBEIXZ,0x9c3080,0x16
?get_allocator@?$vector@DV?$allocator@D@std@@@std@@QBE?AV?$allocator@D@2@XZ,0x9eb7c0,0x1f
??A?$vector@DV?$allocator@D@std@@@std@@QBEABDI@Z,0x9e7ad0,0x15
??A?$vector@DV?$allocator@D@std@@@std@@QAEAADI@Z,0x9e7ad0,0x15
?back@?$vector@DV?$allocator@D@std@@@std@@QAEAADXZ,0x9b06c0,0x2d
?push_back@?$vector@DV?$allocator@D@std@@@std@@QAEXABD@Z,0x9b2c50,0xf4
?assign@?$vector@DV?$allocator@D@std@@@std@@QAEXIABD@Z,0x9b0840,0x1d
?insert@?$vector@DV?$allocator@D@std@@@std@@QAEXV?$_Vector_const_iterator@V?$_Vector_val@DV?$allocator@D@std@@@std@@@2@IABD@Z,0x9b0860,0x21
?erase@?$vector@DV?$allocator@D@std@@@std@@QAE?AV?$_Vector_iterator@V?$_Vector_val@DV?$allocator@D@std@@@std@@@2@V?$_Vector_const_iterator@V?$_Vector_val@DV?$allocator@D@std@@@std@@@2@0@Z,0x9bc2a0,0x91
?swap@?$vector@DV?$allocator@D@std@@@std@@QAEXAAV12@@Z,0xa041f0,0x103
?_Destroy@?$vector@DV?$allocator@D@std@@@std@@IAEXPAD0@Z,0x9c32a0,0x24
?_Grow_to@?$vector@DV?$allocator@D@std@@@std@@IBEII@Z,0x9c2ad0,0x59
?_Reserve@?$vector@DV?$allocator@D@std@@@std@@IAEXI@Z,0x9bc4c0,0x61
??0?$vector@UXColor@@V?$allocator@UXColor@@@std@@@std@@QAE@I@Z,0x9b0160,0x69
??0?$vector@UXColor@@V?$allocator@UXColor@@@std@@@std@@QAE@IABUXColor@@@Z,0x9b18d0,0x76
??0?$vector@UXColor@@V?$allocator@UXColor@@@std@@@std@@QAE@IABUXColor@@ABV?$allocator@UXColor@@@1@@Z,0x9c3490,0x7a
??0?$vector@UXColor@@V?$allocator@UXColor@@@std@@@std@@QAE@ABV01@@Z,0x9b01d0,0xe9
??0?$vector@UXColor@@V?$allocator@UXColor@@@std@@@std@@QAE@$$QAV01@@Z,0x9b02c0,0x79
??4?$vector@UXColor@@V?$allocator@UXColor@@@std@@@std@@QAEAAV01@$$QAV01@@Z,0x9f5260,0x25
?_Assign_rv@?$vector@UXColor@@V?$allocator@UXColor@@@std@@@std@@QAEX$$QAV12@@Z,0x9bc0b0,0xf1
?push_back@?$vector@UXColor@@V?$allocator@UXColor@@@std@@@std@@QAEX$$QAUXColor@@@Z,0x9b3c80,0x115
?capacity@?$vector@UXColor@@V?$allocator@UXColor@@@std@@@std@@QBEIXZ,0x9c3d30,0x1e
?begin@?$vector@UXColor@@V?$allocator@UXColor@@@std@@@std@@QAE?AV?$_Vector_iterator@V?$_Vector_val@UXColor@@V?$allocator@UXColor@@@std@@@std@@@2@XZ,0x9b3820,0x22
?begin@?$vector@UXColor@@V?$allocator@UXColor@@@std@@@std@@QBE?AV?$_Vector_const_iterator@V?$_Vector_val@UXColor@@V?$allocator@UXColor@@@std@@@std@@@2@XZ,0x9b3820,0x22
?size@?$vector@UXColor@@V?$allocator@UXColor@@@std@@@std@@QBEIXZ,0x9b3e00,0x1e
?max_size@?$vector@UXColor@@V?$allocator@UXColor@@@std@@@std@@QBEIXZ,0x9c2ab0,0x16
?get_allocator@?$vector@UXColor@@V?$allocator@UXColor@@@std@@@std@@QBE?AV?$allocator@UXColor@@@2@XZ,0x9eb7c0,0x1f
??A?$vector@UXColor@@V?$allocator@UXColor@@@std@@@std@@QBEABUXColor@@I@Z,0x9b3e50,0x18
??A?$vector@UXColor@@V?$allocator@UXColor@@@std@@@std@@QAEAAUXColor@@I@Z,0x9b3e50,0x18
?back@?$vector@UXColor@@V?$allocator@UXColor@@@std@@@std@@QAEAAUXColor@@XZ,0x9b06c0,0x2d
?push_back@?$vector@UXColor@@V?$allocator@UXColor@@@std@@@std@@QAEXABUXColor@@@Z,0x9b3e70,0xff
?assign@?$vector@UXColor@@V?$allocator@UXColor@@@std@@@std@@QAEXIABUXColor@@@Z,0x9b0840,0x1d
?insert@?$vector@UXColor@@V?$allocator@UXColor@@@std@@@std@@QAEXV?$_Vector_const_iterator@V?$_Vector_val@UXColor@@V?$allocator@UXColor@@@std@@@std@@@2@IABUXColor@@@Z,0x9b0860,0x21
?erase@?$vector@UXColor@@V?$allocator@UXColor@@@std@@@std@@QAE?AV?$_Vector_iterator@V?$_Vector_val@UXColor@@V?$allocator@UXColor@@@std@@@std@@@2@V?$_Vector_const_iterator@V?$_Vector_val@UXColor@@V?$allocator@UXColor@@@std@@@std@@@2@0@Z,0x9bc2a0,0x91
?_Buy@?$vector@UXColor@@V?$allocator@UXColor@@@std@@@std@@IAE_NI@Z,0x9c3e90,0x7f
?_Destroy@?$vector@UXColor@@V?$allocator@UXColor@@@std@@@std@@IAEXPAUXColor@@0@Z,0x9c32a0,0x24
?_Grow_to@?$vector@UXColor@@V?$allocator@UXColor@@@std@@@std@@IBEII@Z,0x9c3f40,0x59
?_Ufill@?$vector@UXColor@@V?$allocator@UXColor@@@std@@@std@@IAEPAUXColor@@PAU3@IPBU3@@Z,0x9c3fa0,0x31
?allocate@?$allocator@UXColor@@@std@@QAEPAUXColor@@I@Z,0x9c2b70,0x1b
?max_size@?$allocator@UXColor@@@std@@QBEIXZ,0x9c9720,0x2c
??G?$_Vector_const_iterator@V?$_Vector_val@DV?$allocator@D@std@@@std@@@std@@QBE?AV01@H@Z,0x9b0980,0x2d
??G?$_Vector_const_iterator@V?$_Vector_val@DV?$allocator@D@std@@@std@@@std@@QBEHABV01@@Z,0x9b0a10,0x23
??9?$_Vector_const_iterator@V?$_Vector_val@DV?$allocator@D@std@@@std@@@std@@QBE_NABV01@@Z,0x9b8e00,0x23
??E?$_Vector_iterator@V?$_Vector_val@DV?$allocator@D@std@@@std@@@std@@QAEAAV01@XZ,0x9b8dc0,0x16
??H?$_Vector_iterator@V?$_Vector_val@DV?$allocator@D@std@@@std@@@std@@QBE?AV01@H@Z,0x9b0980,0x2d
??G?$_Vector_iterator@V?$_Vector_val@DV?$allocator@D@std@@@std@@@std@@QBE?AV01@H@Z,0x9b0980,0x2d
??0?$reverse_iterator@V?$_Vector_iterator@V?$_Vector_val@DV?$allocator@D@std@@@std@@@std@@@std@@QAE@V?$_Vector_iterator@V?$_Vector_val@DV?$allocator@D@std@@@std@@@1@@Z,0x9b3730,0x1c
??0?$reverse_iterator@V?$_Vector_const_iterator@V?$_Vector_val@DV?$allocator@D@std@@@std@@@std@@@std@@QAE@V?$_Vector_const_iterator@V?$_Vector_val@DV?$allocator@D@std@@@std@@@1@@Z,0x9b3730,0x1c
??G?$_Vector_const_iterator@V?$_Vector_val@UXColor@@V?$allocator@UXColor@@@std@@@std@@@std@@QBE?AV01@H@Z,0x9b0980,0x2d
??9?$_Vector_const_iterator@V?$_Vector_val@UXColor@@V?$allocator@UXColor@@@std@@@std@@@std@@QBE_NABV01@@Z,0x9b8e00,0x23
??D?$_Vector_iterator@V?$_Vector_val@UXColor@@V?$allocator@UXColor@@@std@@@std@@@std@@QBEAAUXColor@@XZ,0x9b0140,0x13
??E?$_Vector_iterator@V?$_Vector_val@UXColor@@V?$allocator@UXColor@@@std@@@std@@@std@@QAEAAV01@XZ,0x9b8dc0,0x16
??H?$_Vector_iterator@V?$_Vector_val@UXColor@@V?$allocator@UXColor@@@std@@@std@@@std@@QBE?AV01@H@Z,0x9b0980,0x2d
??G?$_Vector_iterator@V?$_Vector_val@UXColor@@V?$allocator@UXColor@@@std@@@std@@@std@@QBE?AV01@H@Z,0x9b0980,0x2d
??0?$reverse_iterator@V?$_Vector_iterator@V?$_Vector_val@UXColor@@V?$allocator@UXColor@@@std@@@std@@@std@@@std@@QAE@V?$_Vector_iterator@V?$_Vector_val@UXColor@@V?$allocator@UXColor@@@std@@@std@@@1@@Z,0x9b3730,0x1c
??0?$reverse_iterator@V?$_Vector_const_iterator@V?$_Vector_val@UXColor@@V?$allocator@UXColor@@@std@@@std@@@std@@@std@@QAE@V?$_Vector_const_iterator@V?$_Vector_val@UXColor@@V?$allocator@UXColor@@@std@@@std@@@1@@Z,0x9b3730,0x1c
??E?$_Vector_const_iterator@V?$_Vector_val@DV?$allocator@D@std@@@std@@@std@@QAEAAV01@XZ,0x9bc9f0,0x1b
??Z?$_Vector_const_iterator@V?$_Vector_val@DV?$allocator@D@std@@@std@@@std@@QAEAAV01@H@Z,0x9bc9d0,0x1b
??E?$_Vector_const_iterator@V?$_Vector_val@UXColor@@V?$allocator@UXColor@@@std@@@std@@@std@@QAEAAV01@XZ,0x9f6440,0x1b
??Z?$_Vector_const_iterator@V?$_Vector_val@UXColor@@V?$allocator@UXColor@@@std@@@std@@@std@@QAEAAV01@H@Z,0x9bc9d0,0x1b
??Y?$_Vector_const_iterator@V?$_Vector_val@DV?$allocator@D@std@@@std@@@std@@QAEAAV01@H@Z,0x9bca10,0x1d
??Y?$_Vector_const_iterator@V?$_Vector_val@UXColor@@V?$allocator@UXColor@@@std@@@std@@@std@@QAEAAV01@H@Z,0x9ebb90,0x20
??$_Ucopy@V?$_Vector_const_iterator@V?$_Vector_val@DV?$allocator@D@std@@@std@@@std@@@?$vector@DV?$allocator@D@std@@@std@@IAEPADV?$_Vector_const_iterator@V?$_Vector_val@DV?$allocator@D@std@@@std@@@1@0PAD@Z,0x9e3540,0x28
??$_Cons_val@V?$allocator@D@std@@DD@std@@YAXAAV?$allocator@D@0@PAD$$QAD@Z,0x9e3570,0x1e
??$_Copy_impl@PADPAD@std@@YAPADPAD00@Z,0x9e3590,0x34
??$_Ucopy@PAD@?$vector@DV?$allocator@D@std@@@std@@IAEPADPAD00@Z,0x9e3540,0x28
??$_Umove@PAD@?$vector@DV?$allocator@D@std@@@std@@IAEPADPAD00@Z,0x9e3540,0x28
??$_Uninitialized_default_fill_n@PADIDV?$allocator@D@std@@@std@@YAXPADIPBDAAV?$allocator@D@0@@Z,0x9e4390,0x45
??$_Dest_val@V?$allocator@D@std@@D@std@@YAXAAV?$allocator@D@0@PAD@Z,0x9e3520,0x11
??$_Move@PADPAD@std@@YAPADPAD00@Z,0x9e3590,0x34
??$_Destroy_range@V?$allocator@D@std@@@std@@YAXPAD0AAV?$allocator@D@0@@Z,0x9e4e40,0x34
??$fill@PADD@std@@YAXPAD0ABD@Z,0x9e4450,0x2b
??$_Copy_backward@PADPAD@std@@YAPADPAD00@Z,0x9e3590,0x34
??$_Uninitialized_fill_n@PADIDV?$allocator@D@std@@@std@@YAXPADIPBDAAV?$allocator@D@0@@Z,0x9e4390,0x45
??$_Ucopy@V?$_Vector_const_iterator@V?$_Vector_val@UXColor@@V?$allocator@UXColor@@@std@@@std@@@std@@@?$vector@UXColor@@V?$allocator@UXColor@@@std@@@std@@IAEPAUXColor@@V?$_Vector_const_iterator@V?$_Vector_val@UXColor@@V?$allocator@UXColor@@@std@@@std@@@1@0PAU2@@Z,0x9e3540,0x28
??$_Cons_val@V?$allocator@UXColor@@@std@@UXColor@@U3@@std@@YAXAAV?$allocator@UXColor@@@0@PAUXColor@@$$QAU2@@Z,0x9e3570,0x1e
??$_Copy_impl@PAUXColor@@PAU1@@std@@YAPAUXColor@@PAU1@00@Z,0x9e3590,0x34
??$_Umove@PAUXColor@@@?$vector@UXColor@@V?$allocator@UXColor@@@std@@@std@@IAEPAUXColor@@PAU2@00@Z,0x9e3540,0x28
??$_Uninitialized_default_fill_n@PAUXColor@@IU1@V?$allocator@UXColor@@@std@@@std@@YAXPAUXColor@@IPBU1@AAV?$allocator@UXColor@@@0@@Z,0x9e4390,0x45
??$_Dest_val@V?$allocator@UXColor@@@std@@UXColor@@@std@@YAXAAV?$allocator@UXColor@@@0@PAUXColor@@@Z,0x9e3520,0x11
??$_Move@PAUXColor@@PAU1@@std@@YAPAUXColor@@PAU1@00@Z,0x9e3590,0x34
??$_Destroy_range@V?$allocator@UXColor@@@std@@@std@@YAXPAUXColor@@0AAV?$allocator@UXColor@@@0@@Z,0x9e4e40,0x34
??$fill@PAUXColor@@U1@@std@@YAXPAUXColor@@0ABU1@@Z,0x9e4450,0x2b
??$_Copy_backward@PAUXColor@@PAU1@@std@@YAPAUXColor@@PAU1@00@Z,0x9e3590,0x34
??$_Uninitialized_fill_n@PAUXColor@@IU1@V?$allocator@UXColor@@@std@@@std@@YAXPAUXColor@@IPBU1@AAV?$allocator@UXColor@@@0@@Z,0x9e4390,0x45
??$_Allocate@UXColor@@@std@@YAPAUXColor@@IPAU1@@Z,0x9e62b0,0x5d
?construct@?$allocator@D@std@@QAEXPADABD@Z,0x9be6c0,0x1d
?construct@?$allocator@D@std@@QAEXPAD$$QAD@Z,0x9efce0,0x4e
?destroy@?$allocator@D@std@@QAEXPAD@Z,0x9e7f20,0x19
?construct@?$allocator@UXColor@@@std@@QAEXPAUXColor@@ABU3@@Z,0x9be6c0,0x1d
?construct@?$allocator@UXColor@@@std@@QAEXPAUXColor@@$$QAU3@@Z,0x9efe30,0x4d
?destroy@?$allocator@UXColor@@@std@@QAEXPAUXColor@@@Z,0x9e7f20,0x19
??$_Uninitialized_copy@V?$_Vector_const_iterator@V?$_Vector_val@DV?$allocator@D@std@@@std@@@std@@PADV?$allocator@D@2@@std@@YAPADV?$_Vector_const_iterator@V?$_Vector_val@DV?$allocator@D@std@@@std@@@0@0PADAAV?$allocator@D@0@@Z,0x9efb50,0x38
??$_Uninitialized_copy@PADPADV?$allocator@D@std@@@std@@YAPADPAD00AAV?$allocator@D@0@@Z,0x9efbd0,0x38
??$_Uninitialized_move@PADPADV?$allocator@D@std@@@std@@YAPADPAD00AAV?$allocator@D@0@@Z,0x9f0920,0x45
??$construct@AAD@?$allocator@D@std@@QAEXPADAAD@Z,0x9efce0,0x4e
??$_Uninit_fill_n@DIDD@std@@YAXPADIPBDAAV?$allocator@D@0@0U_Scalar_ptr_iterator_tag@0@@Z,0x9cfa50,0x19
??$_Uninitialized_copy@V?$_Vector_const_iterator@V?$_Vector_val@UXColor@@V?$allocator@UXColor@@@std@@@std@@@std@@PAUXColor@@V?$allocator@UXColor@@@2@@std@@YAPAUXColor@@V?$_Vector_const_iterator@V?$_Vector_val@UXColor@@V?$allocator@UXColor@@@std@@@std@@@0@0PAU1@AAV?$allocator@UXColor@@@0@@Z,0x9efb50,0x38
??$_Uninitialized_copy@PAUXColor@@PAU1@V?$allocator@UXColor@@@std@@@std@@YAPAUXColor@@PAU1@00AAV?$allocator@UXColor@@@0@@Z,0x9efbd0,0x38
??$_Uninitialized_move@PAUXColor@@PAU1@V?$allocator@UXColor@@@std@@@std@@YAPAUXColor@@PAU1@00AAV?$allocator@UXColor@@@0@@Z,0x9f0920,0x45
??$construct@AAUXColor@@@?$allocator@UXColor@@@std@@QAEXPAUXColor@@AAU2@@Z,0x9efe30,0x4d
??$_Destroy_range@V?$allocator@UXColor@@@std@@@std@@YAXPAUXColor@@0AAV?$allocator@UXColor@@@0@U_Nonscalar_ptr_iterator_tag@0@@Z,0x9f1820,0x2a
??$_Uninit_fill_n@PAUXColor@@IU1@V?$allocator@UXColor@@@std@@U1@@std@@YAXPAUXColor@@IPBU1@AAV?$allocator@UXColor@@@0@0U_Nonscalar_ptr_iterator_tag@0@@Z,0x9f1850,0xbd
??$_Construct@DABD@std@@YAXPADABD@Z,0x9f3670,0x4f
??$_Construct@UXColor@@ABU1@@std@@YAXPAUXColor@@ABU1@@Z,0x9f37e0,0x4e
??$_Uninit_copy@DD@std@@YAPADPAD00AAV?$allocator@D@0@U_Scalar_ptr_iterator_tag@0@@Z,0x9f9f70,0x29
??$_Uninit_move@DDD@std@@YAPADPAD00AAV?$allocator@D@0@0U_Scalar_ptr_iterator_tag@0@@Z,0x9f9f70,0x29
??$_Uninit_copy@PAUXColor@@PAU1@V?$allocator@UXColor@@@std@@@std@@YAPAUXColor@@PAU1@00AAV?$allocator@UXColor@@@0@U_Nonscalar_ptr_iterator_tag@0@@Z,0x9fa3d0,0xc2
??$_Uninit_move@PAUXColor@@PAU1@V?$allocator@UXColor@@@std@@U1@@std@@YAPAUXColor@@PAU1@00AAV?$allocator@UXColor@@@0@0U_Nonscalar_ptr_iterator_tag@0@@Z,0x9fa3d0,0xc2
??$_Destroy@V?$vector@V?$basic_string@DU?$char_traits@D@std@@V?$allocator@D@2@@std@@V?$allocator@V?$basic_string@DU?$char_traits@D@std@@V?$allocator@D@2@@std@@@2@@std@@@std@@YAXPAV?$vector@V?$basic_string@DU?$char_traits@D@std@@V?$allocator@D@2@@std@@V?$allocator@V?$basic_string@DU?$char_traits@D@std@@V?$allocator@D@2@@std@@@2@@0@@Z,0x9f3b70,0xf
??$_Uninitialized_copy@PBQAUMapRecord@@PAPAU1@V?$allocator@PAUMapRecord@@@std@@@std@@YAPAPAUMapRecord@@PBQAU1@0PAPAU1@AAV?$allocator@PAUMapRecord@@@0@@Z,0x9efbd0,0x38
?back@?$vector@HV?$allocator@H@std@@@std@@QAEAAHXZ,0x9afc50,0x2d
??G?$_Vector_iterator@V?$_Vector_val@HV?$allocator@H@std@@@std@@@std@@QBE?AV01@H@Z,0x9b0980,0x2d
??$insert@AAUPoint@@@?$vector@UPoint@@V?$allocator@UPoint@@@std@@@std@@QAE?AV?$_Vector_iterator@V?$_Vector_val@UPoint@@V?$allocator@UPoint@@@std@@@std@@@1@V?$_Vector_const_iterator@V?$_Vector_val@UPoint@@V?$allocator@UPoint@@@std@@@std@@@1@AAUPoint@@@Z,0x9cdc20,0x2d
??$emplace_back@AAUPoint@@@?$vector@UPoint@@V?$allocator@UPoint@@@std@@@std@@QAEXAAUPoint@@@Z,0x9f6550,0x6d
??$rotate@V?$_Vector_iterator@V?$_Vector_val@UPoint@@V?$allocator@UPoint@@@std@@@std@@@std@@@std@@YA?AV?$_Vector_iterator@V?$_Vector_val@UPoint@@V?$allocator@UPoint@@@std@@@std@@@0@V10@00@Z,0x9edfd0,0x99
??$_Unchecked@V?$_Vector_val@UPoint@@V?$allocator@UPoint@@@std@@@std@@@std@@YAPAUPoint@@V?$_Vector_iterator@V?$_Vector_val@UPoint@@V?$allocator@UPoint@@@std@@@std@@@0@@Z,0xa008a0,0xd
??$_Iter_cat@V?$_Vector_iterator@V?$_Vector_val@UPoint@@V?$allocator@UPoint@@@std@@@std@@@std@@@std@@YA?AUrandom_access_iterator_tag@0@ABV?$_Vector_iterator@V?$_Vector_val@UPoint@@V?$allocator@UPoint@@@std@@@std@@@0@@Z,0x9ee4b0,0x13
??$_Rotate@PAUPoint@@@std@@YAXPAUPoint@@00Urandom_access_iterator_tag@0@@Z,0x9f70a0,0x33
??$distance@V?$_Vector_iterator@V?$_Vector_val@UPoint@@V?$allocator@UPoint@@@std@@@std@@@std@@@std@@YAHV?$_Vector_iterator@V?$_Vector_val@UPoint@@V?$allocator@UPoint@@@std@@@std@@@0@0@Z,0x9f6b40,0x3c
??$advance@V?$_Vector_iterator@V?$_Vector_val@UPoint@@V?$allocator@UPoint@@@std@@@std@@@std@@H@std@@YAXAAV?$_Vector_iterator@V?$_Vector_val@UPoint@@V?$allocator@UPoint@@@std@@@std@@@0@H@Z,0x9f7120,0x2c
??$_Rotate@PAUPoint@@HU1@@std@@YAXPAUPoint@@00PAH0@Z,0x9fda10,0x107
??$_Distance2@V?$_Vector_iterator@V?$_Vector_val@UPoint@@V?$allocator@UPoint@@@std@@@std@@@std@@H@std@@YAXV?$_Vector_iterator@V?$_Vector_val@UPoint@@V?$allocator@UPoint@@@std@@@std@@@0@0AAHUrandom_access_iterator_tag@0@@Z,0x9fd080,0x1b
??G?$_Vector_iterator@V?$_Vector_val@UPoint@@V?$allocator@UPoint@@@std@@@std@@@std@@QBEHABV?$_Vector_const_iterator@V?$_Vector_val@UPoint@@V?$allocator@UPoint@@@std@@@std@@@1@@Z,0x9af370,0x19
??G?$_Vector_const_iterator@V?$_Vector_val@UPoint@@V?$allocator@UPoint@@@std@@@std@@@std@@QBEHABV01@@Z,0xa00570,0x26
?checkCell@DijkstraCostPlaceItem@@UAE_NHHPAXH@Z,0x4fb140,0xef
?checkCell@DijkstraCostFindHaulers@@UAE_NHHPAXH@Z,0x4fc130,0x11d
?getMoveCost@DijkstraCostMapRoute@@UAE_NHHHHPAXAAH@Z,0x4fc370,0x165
?checkCell@DijkstraCostFovEdgeOpenCells@@UAE_NHHPAXH@Z,0x4fc970,0x13c
?checkCell@DijkstraCostFovAccessibleWallCells@@UAE_NHHPAXH@Z,0x4fcad0,0x169
?getMoveCost@DijkstraCostGladosTurretPlacement@@UAE_NHHHHPAXAAH@Z,0x4fcd10,0x49
?getMoveCost@DijkstraCostTensionEntitiesXom@@UAE_NHHHHPAXAAH@Z,0x4fcd10,0x49
?getMoveCost@DijkstraCostWallEnemiesXom@@UAE_NHHHHPAXAAH@Z,0x4fcd10,0x49
?getMoveCost@DijkstraCostPartMimicXom@@UAE_NHHHHPAXAAH@Z,0x4fcd10,0x49
??_Gfbuf@PhysFScpp@@UAEPAXI@Z,0x9bad50,0x2d
??_Gbase_fstream@PhysFScpp@@UAEPAXI@Z,0x9bad50,0x2d
??_Eifstream@PhysFScpp@@UAEPAXI@Z,0x9bad50,0x2d
??_Eofstream@PhysFScpp@@UAEPAXI@Z,0x9bad50,0x2d
??_Gofstream@PhysFScpp@@UAEPAXI@Z,0x9bad50,0x2d
??_Efstream@PhysFScpp@@UAEPAXI@Z,0x9bad50,0x2d
??_Gfstream@PhysFScpp@@UAEPAXI@Z,0x9bad50,0x2d
??0?$vector@UPHYSFS_ArchiveInfo@@V?$allocator@UPHYSFS_ArchiveInfo@@@std@@@std@@QAE@$$QAV01@@Z,0x9b02c0,0x79
??1?$vector@UPHYSFS_ArchiveInfo@@V?$allocator@UPHYSFS_ArchiveInfo@@@std@@@std@@QAE@XZ,0x9b2bf0,0x53
?push_back@?$vector@UPHYSFS_ArchiveInfo@@V?$allocator@UPHYSFS_ArchiveInfo@@@std@@@std@@QAEXABUPHYSFS_ArchiveInfo@@@Z,0x9b4200,0xfa
??0?$vector@V?$basic_string@DU?$char_traits@D@std@@V?$allocator@D@2@@std@@V?$allocator@V?$basic_string@DU?$char_traits@D@std@@V?$allocator@D@2@@std@@@2@@std@@QAE@$$QAV01@@Z,0x9b02c0,0x79
?_Reserve@?$vector@UPHYSFS_ArchiveInfo@@V?$allocator@UPHYSFS_ArchiveInfo@@@std@@@std@@IAEXI@Z,0x9bc4c0,0x61
?_Tidy@?$vector@UPHYSFS_ArchiveInfo@@V?$allocator@UPHYSFS_ArchiveInfo@@@std@@@std@@IAEXXZ,0x9bd810,0x6e
?_Assign_rv@?$vector@V?$basic_string@DU?$char_traits@D@std@@V?$allocator@D@2@@std@@V?$allocator@V?$basic_string@DU?$char_traits@D@std@@V?$allocator@D@2@@std@@@2@@std@@QAEX$$QAV12@@Z,0x9bc0b0,0xf1
?capacity@?$vector@UPHYSFS_ArchiveInfo@@V?$allocator@UPHYSFS_ArchiveInfo@@@std@@@std@@QBEIXZ,0x9c60a0,0x19
?begin@?$vector@UPHYSFS_ArchiveInfo@@V?$allocator@UPHYSFS_ArchiveInfo@@@std@@@std@@QAE?AV?$_Vector_iterator@V?$_Vector_val@UPHYSFS_ArchiveInfo@@V?$allocator@UPHYSFS_ArchiveInfo@@@std@@@std@@@2@XZ,0x9b3820,0x22
?size@?$vector@UPHYSFS_ArchiveInfo@@V?$allocator@UPHYSFS_ArchiveInfo@@@std@@@std@@QBEIXZ,0x9b5100,0x19
?max_size@?$vector@UPHYSFS_ArchiveInfo@@V?$allocator@UPHYSFS_ArchiveInfo@@@std@@@std@@QBEIXZ,0x9c2ab0,0x16
?get_allocator@?$vector@UPHYSFS_ArchiveInfo@@V?$allocator@UPHYSFS_ArchiveInfo@@@std@@@std@@QBE?AV?$allocator@UPHYSFS_ArchiveInfo@@@2@XZ,0x9eb7c0,0x1f
?clear@?$vector@UPHYSFS_ArchiveInfo@@V?$allocator@UPHYSFS_ArchiveInfo@@@std@@@std@@QAEXXZ,0x9b0900,0x43
?_Destroy@?$vector@UPHYSFS_ArchiveInfo@@V?$allocator@UPHYSFS_ArchiveInfo@@@std@@@std@@IAEXPAUPHYSFS_ArchiveInfo@@0@Z,0x9c32a0,0x24
?_Grow_to@?$vector@UPHYSFS_ArchiveInfo@@V?$allocator@UPHYSFS_ArchiveInfo@@@std@@@std@@IBEII@Z,0x9c2ad0,0x59
?get_allocator@?$vector@V?$basic_string@DU?$char_traits@D@std@@V?$allocator@D@2@@std@@V?$allocator@V?$basic_string@DU?$char_traits@D@std@@V?$allocator@D@2@@std@@@2@@std@@QBE?AV?$allocator@V?$basic_string@DU?$char_traits@D@std@@V?$allocator@D@2@@std@@@2@XZ,0x9eb7c0,0x1f
?clear@?$vector@V?$basic_string@DU?$char_traits@D@std@@V?$allocator@D@2@@std@@V?$allocator@V?$basic_string@DU?$char_traits@D@std@@V?$allocator@D@2@@std@@@2@@std@@QAEXXZ,0x9b0900,0x43
??D?$_Vector_iterator@V?$_Vector_val@UPHYSFS_ArchiveInfo@@V?$allocator@UPHYSFS_ArchiveInfo@@@std@@@std@@@std@@QBEAAUPHYSFS_ArchiveInfo@@XZ,0x9b0140,0x13
??E?$_Vector_iterator@V?$_Vector_val@UPHYSFS_ArchiveInfo@@V?$allocator@UPHYSFS_ArchiveInfo@@@std@@@std@@@std@@QAEAAV01@XZ,0x9b8dc0,0x16
??9?$_Vector_const_iterator@V?$_Vector_val@UPHYSFS_ArchiveInfo@@V?$allocator@UPHYSFS_ArchiveInfo@@@std@@@std@@@std@@QBE_NABV01@@Z,0x9b8e00,0x23
??E?$_Vector_iterator@V?$_Vector_val@V?$basic_string@DU?$char_traits@D@std@@V?$allocator@D@2@@std@@V?$allocator@V?$basic_string@DU?$char_traits@D@std@@V?$allocator@D@2@@std@@@2@@std@@@std@@QAEAAV01@XZ,0x9c4230,0x16
?erase@?$vector@UPHYSFS_ArchiveInfo@@V?$allocator@UPHYSFS_ArchiveInfo@@@std@@@std@@QAE?AV?$_Vector_iterator@V?$_Vector_val@UPHYSFS_ArchiveInfo@@V?$allocator@UPHYSFS_ArchiveInfo@@@std@@@std@@@2@V?$_Vector_const_iterator@V?$_Vector_val@UPHYSFS_ArchiveInfo@@V?$allocator@UPHYSFS_ArchiveInfo@@@std@@@std@@@2@0@Z,0x9bd640,0x91
?allocate@?$allocator@UPHYSFS_ArchiveInfo@@@std@@QAEPAUPHYSFS_ArchiveInfo@@I@Z,0x9c2b70,0x1b
?max_size@?$allocator@UPHYSFS_ArchiveInfo@@@std@@QBEIXZ,0x9cbec0,0x2c
?erase@?$vector@V?$basic_string@DU?$char_traits@D@std@@V?$allocator@D@2@@std@@V?$allocator@V?$basic_string@DU?$char_traits@D@std@@V?$allocator@D@2@@std@@@2@@std@@QAE?AV?$_Vector_iterator@V?$_Vector_val@V?$basic_string@DU?$char_traits@D@std@@V?$allocator@D@2@@std@@V?$allocator@V?$basic_string@DU?$char_traits@D@std@@V?$allocator@D@2@@std@@@2@@std@@@2@V?$_Vector_const_iterator@V?$_Vector_val@V?$basic_string@DU?$char_traits@D@std@@V?$allocator@D@2@@std@@V?$allocator@V?$basic_string@DU?$char_traits@D@std@@V?$allocator@D@2@@std@@@2@@std@@@2@0@Z,0x9bc2a0,0x91
??0?$_Vector_iterator@V?$_Vector_val@UPHYSFS_ArchiveInfo@@V?$allocator@UPHYSFS_ArchiveInfo@@@std@@@std@@@std@@QAE@PAUPHYSFS_ArchiveInfo@@PBU_Container_base0@1@@Z,0x9b8e30,0x20
??E?$_Vector_const_iterator@V?$_Vector_val@UPHYSFS_ArchiveInfo@@V?$allocator@UPHYSFS_ArchiveInfo@@@std@@@std@@@std@@QAEAAV01@XZ,0x9fce10,0x1b
??$_Cons_val@V?$allocator@UPHYSFS_ArchiveInfo@@@std@@UPHYSFS_ArchiveInfo@@AAU3@@std@@YAXAAV?$allocator@UPHYSFS_ArchiveInfo@@@0@PAUPHYSFS_ArchiveInfo@@AAU2@@Z,0x9e3570,0x1e
??$_Cons_val@V?$allocator@UPHYSFS_ArchiveInfo@@@std@@UPHYSFS_ArchiveInfo@@ABU3@@std@@YAXAAV?$allocator@UPHYSFS_ArchiveInfo@@@0@PAUPHYSFS_ArchiveInfo@@ABU2@@Z,0x9e3570,0x1e
??$?9UPHYSFS_ArchiveInfo@@U0@@std@@YA_NABV?$allocator@UPHYSFS_ArchiveInfo@@@0@0@Z,0x9ceb30,0x1f
??$?9V?$basic_string@DU?$char_traits@D@std@@V?$allocator@D@2@@std@@V01@@std@@YA_NABV?$allocator@V?$basic_string@DU?$char_traits@D@std@@V?$allocator@D@2@@std@@@0@0@Z,0x9ceb30,0x1f
??$_Cons_val@V?$allocator@UPHYSFS_ArchiveInfo@@@std@@UPHYSFS_ArchiveInfo@@U3@@std@@YAXAAV?$allocator@UPHYSFS_ArchiveInfo@@@0@PAUPHYSFS_ArchiveInfo@@$$QAU2@@Z,0x9e3570,0x1e
??$_Umove@PAUPHYSFS_ArchiveInfo@@@?$vector@UPHYSFS_ArchiveInfo@@V?$allocator@UPHYSFS_ArchiveInfo@@@std@@@std@@IAEPAUPHYSFS_ArchiveInfo@@PAU2@00@Z,0x9e3540,0x28
??$_Destroy_range@V?$allocator@UPHYSFS_ArchiveInfo@@@std@@@std@@YAXPAUPHYSFS_ArchiveInfo@@0AAV?$allocator@UPHYSFS_ArchiveInfo@@@0@@Z,0x9e4e40,0x34
??$_Move@PAUPHYSFS_ArchiveInfo@@PAU1@@std@@YAPAUPHYSFS_ArchiveInfo@@PAU1@00@Z,0x9e3590,0x34
??$_Allocate@UPHYSFS_ArchiveInfo@@@std@@YAPAUPHYSFS_ArchiveInfo@@IPAU1@@Z,0x9e6f80,0x5d
??$_Move@PAV?$basic_string@DU?$char_traits@D@std@@V?$allocator@D@2@@std@@PAV12@@std@@YAPAV?$basic_string@DU?$char_traits@D@std@@V?$allocator@D@2@@0@PAV10@00@Z,0x9e3590,0x34
?construct@?$allocator@UPHYSFS_ArchiveInfo@@@std@@QAEXPAUPHYSFS_ArchiveInfo@@ABU3@@Z,0x9be6c0,0x1d
??$_Uninitialized_move@PAUPHYSFS_ArchiveInfo@@PAU1@V?$allocator@UPHYSFS_ArchiveInfo@@@std@@@std@@YAPAUPHYSFS_ArchiveInfo@@PAU1@00AAV?$allocator@UPHYSFS_ArchiveInfo@@@0@@Z,0x9f0920,0x45
??$_Destroy_range@V?$allocator@UPHYSFS_ArchiveInfo@@@std@@@std@@YAXPAUPHYSFS_ArchiveInfo@@0AAV?$allocator@UPHYSFS_ArchiveInfo@@@0@U_Nonscalar_ptr_iterator_tag@0@@Z,0x9f1450,0x2a
??$_Move@PAV?$basic_string@DU?$char_traits@D@std@@V?$allocator@D@2@@std@@PAV12@@std@@YAPAV?$basic_string@DU?$char_traits@D@std@@V?$allocator@D@2@@0@PAV10@00U_Nonscalar_ptr_iterator_tag@0@@Z,0x9efca0,0x3b
??$_Uninit_move@PAUPHYSFS_ArchiveInfo@@PAU1@V?$allocator@UPHYSFS_ArchiveInfo@@@std@@U1@@std@@YAPAUPHYSFS_ArchiveInfo@@PAU1@00AAV?$allocator@UPHYSFS_ArchiveInfo@@@0@0U_Nonscalar_ptr_iterator_tag@0@@Z,0x9f9fa0,0xc2
??$_Dest_val@V?$allocator@UPHYSFS_ArchiveInfo@@@std@@UPHYSFS_ArchiveInfo@@@std@@YAXAAV?$allocator@UPHYSFS_ArchiveInfo@@@0@PAUPHYSFS_ArchiveInfo@@@Z,0x9e3520,0x11
?destroy@?$allocator@UPHYSFS_ArchiveInfo@@@std@@QAEXPAUPHYSFS_ArchiveInfo@@@Z,0x9e7f20,0x19
??_Egzfilebuf@@UAEPAXI@Z,0x9bad50,0x2d
??_Egzofstream@@UAEPAXI@Z,0x9bae70,0x36
?overflow@?$basic_stringbuf@DU?$char_traits@D@std@@V?$allocator@D@2@@std@@MAEHH@Z,0x9b0c10,0x2f9
?pbackfail@?$basic_stringbuf@DU?$char_traits@D@std@@V?$allocator@D@2@@std@@MAEHH@Z,0x9b0f10,0xe9
?underflow@?$basic_stringbuf@DU?$char_traits@D@std@@V?$allocator@D@2@@std@@MAEHXZ,0x9b1000,0xfd
?seekoff@?$basic_stringbuf@DU?$char_traits@D@std@@V?$allocator@D@2@@std@@MAE?AV?$fpos@H@2@_JHH@Z,0x9b1100,0x2b8
?seekpos@?$basic_stringbuf@DU?$char_traits@D@std@@V?$allocator@D@2@@std@@MAE?AV?$fpos@H@2@V32@H@Z,0x9b13c0,0x1fe
??_E?$basic_ostringstream@DU?$char_traits@D@std@@V?$allocator@D@2@@std@@UAEPAXI@Z,0x9bad10,0x36
??_G?$basic_ostringstream@DU?$char_traits@D@std@@V?$allocator@D@2@@std@@UAEPAXI@Z,0x9bad10,0x36
?swapUBE64@Util@PhysFScpp@@YA_K_K@Z,0x436960,0x15
?swapSBE64@Util@PhysFScpp@@YA_J_J@Z,0x436960,0x15
?swapUBE32@Util@PhysFScpp@@YAII@Z,0x449c00,0x11
?swapSBE32@Util@PhysFScpp@@YAHH@Z,0x449c00,0x11
?swapULE64@Util@PhysFScpp@@YA_K_K@Z,0x436960,0x15
?swapSLE64@Util@PhysFScpp@@YA_J_J@Z,0x436960,0x15
?swapULE32@Util@PhysFScpp@@YAII@Z,0x449c00,0x11
?swapSLE32@Util@PhysFScpp@@YAHH@Z,0x449c00,0x11
?setAllocator@PhysFScpp@@YAXPBUPHYSFS_Allocator@@@Z,0x449c00,0x11
?getSearchPath@PhysFScpp@@YAXP6AXPAXPBD@Z0@Z,0x436960,0x15
?getCdRomDirs@PhysFScpp@@YAXP6AXPAXPBD@Z0@Z,0x436960,0x15
?traceSubcellLine@@YA_NABUPoint@@0AAV?$vector@UPoint@@V?$allocator@UPoint@@@std@@@std@@AAV?$vector@HV?$allocator@H@std@@@3@H@Z,0x4106d0,0x33
?ucopy@cc_r2_35_vector@@QAEPAPAUMapRecord@@PBQAU2@0PAPAU2@@Z,0x9b0860,0x21
?unknown4544e0@SoundMgr@@QAEXXZ,0x9b0140,0x13
??0XScreenShake@@QAE@XZ,0x9b8dc0,0x16
?deleteSubconsoles@XConsole@@QAEXXZ,0x428e80,0x1a
?localToAbs@XConsole@@QAE?AUPos@@U2@@Z,0x428650,0x5c
?absToLocal@XConsole@@QAE?AUPos@@U2@@Z,0x428560,0xe4
?countVisible@XConsole@@QAEHXZ,0x42d3b0,0x66
?setBack@XConsole@@QAEXHHHHUXColor@@@Z,0x429c80,0x74
?setBackRow@XConsole@@QAEXHHHUXColor@@@Z,0x429c20,0x56
?setFore@XConsole@@QAEXHHHHUXColor@@@Z,0x429af0,0x74
?setForeColumn@XConsole@@QAEXHHHUXColor@@@Z,0x429a90,0x56
?setForeRow@XConsole@@QAEXHHHUXColor@@@Z,0x429a30,0x56
?setPos@XConsole@@QAEXABUPos@@@Z,0x4289e0,0xdb
?getVisibleArea@XConsole@@QAE_NPAH000@Z,0x428770,0x130
?getRect@XConsole@@QAE?AURect@@XZ,0x428710,0x54
?setChar@XCell@@QAEXHUXColor@@@Z,0x428010,0x52
?setChar@XCell@@QAEXH@Z,0x427fd0,0x39
??0XCell@@QAE@HHUXColor@@0@Z,0x427f60,0x62
??0XCell@@QAE@XZ,0x427e80,0x65
?setForeFrame@XConsole@@QAEXHHHHUXColor@@@Z,0x429b70,0xa9
?setChars@XConsole@@QAEXHHHHH@Z,0x4299c0,0x69
?setCharColumn@XConsole@@QAEXHHHHUXColor@@@Z,0x429960,0x57
?setCharColumn@XConsole@@QAEXHHHH@Z,0x429910,0x4b
?setCharRow@XConsole@@QAEXHHHHUXColor@@@Z,0x429840,0x57
?setCharRow@XConsole@@QAEXHHHH@Z,0x4297f0,0x4b
?clearRow@XConsole@@QAEXHHH@Z,0x428ac0,0x5a
?getConsoleAt@XConsole@@QAEPAV1@ABUPos@@@Z,0x4288a0,0xf5
?set@XCell@@QAEXHUXColor@@0H@Z,0x428070,0x6a
?setCharRow@XConsole@@QAEXHHHHUXColor@@0@Z,0x4298a0,0x65
?absmod@@YAHHH@Z,0x420970,0x2e
?lattice@@YAMPAUperlin_data_t@@HMHMHMHM@Z,0x41b190,0xd7
?TCOD_noise_turbulence_simplex@@YAMPAXPAMM@Z,0x420910,0x21
?TCOD_noise_fbm_simplex@@YAMPAXPAMM@Z,0x420910,0x21
?TCOD_noise_turbulence_perlin@@YAMPAXPAMM@Z,0x420910,0x21
?TCOD_noise_fbm_perlin@@YAMPAXPAMM@Z,0x420910,0x21
?normalize@@YAXPAUperlin_data_t@@PAM@Z,0x41b270,0x8e
?TCOD_noise_turbulence_wavelet@@YAMPAXPAMM@Z,0x420910,0x21
??0TCODNoise@@QAE@HW4TCOD_noise_type_t@@@Z,0x421490,0x52
?get@TCODNoise@@QAEMPAMW4TCOD_noise_type_t@@@Z,0x421520,0x41
?getTurbulence@TCODNoise@@QAEMPAMMW4TCOD_noise_type_t@@@Z,0x421570,0x4f
?getFbm@TCODNoise@@QAEMPAMMW4TCOD_noise_type_t@@@Z,0x421570,0x4f
?protobuf_RegisterTypes@protobuf_scoresheet_2eproto@@YAXABV?$basic_string@DU?$char_traits@D@std@@V?$allocator@D@2@@std@@@Z,0x4dbd00,0x1c
?AddDescriptors@protobuf_scoresheet_2eproto@@YAXXZ,0x4dbd60,0x17
?descriptor@Stats@Protobuf@@SAPBVDescriptor@protobuf@google@@XZ,0x4dbda0,0xf
?descriptor@Stats_Polymind@Protobuf@@SAPBVDescriptor@protobuf@google@@XZ,0x4dbda0,0xf
?descriptor@Stats_Polymind_ProtomatterCreated@Protobuf@@SAPBVDescriptor@protobuf@google@@XZ,0x4dbda0,0xf
?descriptor@Stats_Polymind_AverageSuspicion@Protobuf@@SAPBVDescriptor@protobuf@google@@XZ,0x4dbda0,0xf
?descriptor@Stats_Polymind_Hosts@Protobuf@@SAPBVDescriptor@protobuf@google@@XZ,0x4dbda0,0xf
?descriptor@Stats_Player2@Protobuf@@SAPBVDescriptor@protobuf@google@@XZ,0x4dbda0,0xf
?descriptor@Stats_Player2_CombatHostilesDestroyed@Protobuf@@SAPBVDescriptor@protobuf@google@@XZ,0x4dbda0,0xf
?descriptor@Stats_Player2_DamageInflicted@Protobuf@@SAPBVDescriptor@protobuf@google@@XZ,0x4dbda0,0xf
?descriptor@Stats_Player2_DamageTaken@Protobuf@@SAPBVDescriptor@protobuf@google@@XZ,0x4dbda0,0xf
?descriptor@Stats_Player2_DamageTaken_CoreDamage@Protobuf@@SAPBVDescriptor@protobuf@google@@XZ,0x4dbda0,0xf
?descriptor@Stats_Player2_SlotsEvolved@Protobuf@@SAPBVDescriptor@protobuf@google@@XZ,0x4dbda0,0xf
?descriptor@Stats_Rpglike@Protobuf@@SAPBVDescriptor@protobuf@google@@XZ,0x4dbda0,0xf
?descriptor@Stats_Rpglike_ProtomatterCreated@Protobuf@@SAPBVDescriptor@protobuf@google@@XZ,0x4dbda0,0xf
?descriptor@Stats_Rpglike_ProtomatterCreated_IntegrityRestored@Protobuf@@SAPBVDescriptor@protobuf@google@@XZ,0x4dbda0,0xf
?descriptor@Stats_Rpglike_Upgrades@Protobuf@@SAPBVDescriptor@protobuf@google@@XZ,0x4dbda0,0xf
?descriptor@Stats_Rpglike_LevelsRaised@Protobuf@@SAPBVDescriptor@protobuf@google@@XZ,0x4dbda0,0xf
?descriptor@Stats_Actions@Protobuf@@SAPBVDescriptor@protobuf@google@@XZ,0x4dbda0,0xf
?descriptor@Stats_Actions_Total@Protobuf@@SAPBVDescriptor@protobuf@google@@XZ,0x4dbda0,0xf
?descriptor@Stats_Exploration@Protobuf@@SAPBVDescriptor@protobuf@google@@XZ,0x4dbda0,0xf
?descriptor@Stats_Exploration_TerrainRammed@Protobuf@@SAPBVDescriptor@protobuf@google@@XZ,0x4dbda0,0xf
?descriptor@Stats_Exploration_TerrainDestroyed@Protobuf@@SAPBVDescriptor@protobuf@google@@XZ,0x4dbda0,0xf
?descriptor@Stats_Exploration_ExplorationRatePercent@Protobuf@@SAPBVDescriptor@protobuf@google@@XZ,0x4dbda0,0xf
?descriptor@Stats_Exploration_ExplorationRatePercent_RegionsVisited@Protobuf@@SAPBVDescriptor@protobuf@google@@XZ,0x4dbda0,0xf
?descriptor@Stats_Exploration_SpacesMoved@Protobuf@@SAPBVDescriptor@protobuf@google@@XZ,0x4dbda0,0xf
?descriptor@Stats_Intel@Protobuf@@SAPBVDescriptor@protobuf@google@@XZ,0x4dbda0,0xf
?descriptor@Stats_Intel_ZioniteIntelReceived@Protobuf@@SAPBVDescriptor@protobuf@google@@XZ,0x4dbda0,0xf
?descriptor@Stats_Intel_Decoded0b10Intel@Protobuf@@SAPBVDescriptor@protobuf@google@@XZ,0x4dbda0,0xf
?descriptor@Stats_Intel_DroneLaunches@Protobuf@@SAPBVDescriptor@protobuf@google@@XZ,0x4dbda0,0xf
?descriptor@Stats_Intel_ActiveInfowar@Protobuf@@SAPBVDescriptor@protobuf@google@@XZ,0x4dbda0,0xf
?descriptor@Stats_Allies@Protobuf@@SAPBVDescriptor@protobuf@google@@XZ,0x4dbda0,0xf
?descriptor@Stats_Allies_XomAmusementGains@Protobuf@@SAPBVDescriptor@protobuf@google@@XZ,0x4dbda0,0xf
?descriptor@Stats_Allies_BorgCreated@Protobuf@@SAPBVDescriptor@protobuf@google@@XZ,0x4dbda0,0xf
?descriptor@Stats_Allies_AllyAttacks@Protobuf@@SAPBVDescriptor@protobuf@google@@XZ,0x4dbda0,0xf
?descriptor@Stats_Allies_TotalOrders@Protobuf@@SAPBVDescriptor@protobuf@google@@XZ,0x4dbda0,0xf
?descriptor@Stats_Allies_WarlordSquadRendezvous@Protobuf@@SAPBVDescriptor@protobuf@google@@XZ,0x4dbda0,0xf
?descriptor@Stats_Allies_ZioniteDispatches@Protobuf@@SAPBVDescriptor@protobuf@google@@XZ,0x4dbda0,0xf
?descriptor@Stats_Allies_TotalAllies@Protobuf@@SAPBVDescriptor@protobuf@google@@XZ,0x4dbda0,0xf
?descriptor@Stats_Bothacking@Protobuf@@SAPBVDescriptor@protobuf@google@@XZ,0x4dbda0,0xf
?descriptor@Stats_Bothacking_FabnetPeakEffectivePercent@Protobuf@@SAPBVDescriptor@protobuf@google@@XZ,0x4dbda0,0xf
?descriptor@Stats_Bothacking_RelayCouplersReleased@Protobuf@@SAPBVDescriptor@protobuf@google@@XZ,0x4dbda0,0xf
?descriptor@Stats_Bothacking_RobotHacksApplied@Protobuf@@SAPBVDescriptor@protobuf@google@@XZ,0x4dbda0,0xf
?descriptor@Stats_Bothacking_RobotsHacked@Protobuf@@SAPBVDescriptor@protobuf@google@@XZ,0x4dbda0,0xf
?descriptor@Stats_Bothacking_UsedRifInstaller@Protobuf@@SAPBVDescriptor@protobuf@google@@XZ,0x4dbda0,0xf
?descriptor@Stats_Hacking@Protobuf@@SAPBVDescriptor@protobuf@google@@XZ,0x4dbda0,0xf
?descriptor@Stats_Hacking_PartsScanalyzed@Protobuf@@SAPBVDescriptor@protobuf@google@@XZ,0x4dbda0,0xf
?descriptor@Stats_Hacking_PartsRecycled@Protobuf@@SAPBVDescriptor@protobuf@google@@XZ,0x4dbda0,0xf
?descriptor@Stats_Hacking_PartsRepaired@Protobuf@@SAPBVDescriptor@protobuf@google@@XZ,0x4dbda0,0xf
?descriptor@Stats_Hacking_PartSchematicsAcquired@Protobuf@@SAPBVDescriptor@protobuf@google@@XZ,0x4dbda0,0xf
?descriptor@Stats_Hacking_PartSchematicsAcquired_PartsBuilt@Protobuf@@SAPBVDescriptor@protobuf@google@@XZ,0x4dbda0,0xf
?descriptor@Stats_Hacking_RobotSchematicsAcquired@Protobuf@@SAPBVDescriptor@protobuf@google@@XZ,0x4dbda0,0xf
?descriptor@Stats_Hacking_RobotSchematicsAcquired_RobotsBuilt@Protobuf@@SAPBVDescriptor@protobuf@google@@XZ,0x4dbda0,0xf
?descriptor@Stats_Hacking_HackingDetections@Protobuf@@SAPBVDescriptor@protobuf@google@@XZ,0x4dbda0,0xf
?descriptor@Stats_Hacking_HackingDetections_FeedbackEvents@Protobuf@@SAPBVDescriptor@protobuf@google@@XZ,0x4dbda0,0xf
?descriptor@Stats_Hacking_DataCoresRecovered@Protobuf@@SAPBVDescriptor@protobuf@google@@XZ,0x4dbda0,0xf
?descriptor@Stats_Hacking_UnauthorizedHacks@Protobuf@@SAPBVDescriptor@protobuf@google@@XZ,0x4dbda0,0xf
?descriptor@Stats_Hacking_UnauthorizedHacks_GarrisonAccess@Protobuf@@SAPBVDescriptor@protobuf@google@@XZ,0x4dbda0,0xf
?descriptor@Stats_Hacking_UnauthorizedHacks_Scanalyzers@Protobuf@@SAPBVDescriptor@protobuf@google@@XZ,0x4dbda0,0xf
?descriptor@Stats_Hacking_UnauthorizedHacks_RecyclingUnits@Protobuf@@SAPBVDescriptor@protobuf@google@@XZ,0x4dbda0,0xf
?descriptor@Stats_Hacking_UnauthorizedHacks_RepairStations@Protobuf@@SAPBVDescriptor@protobuf@google@@XZ,0x4dbda0,0xf
?descriptor@Stats_Hacking_UnauthorizedHacks_Fabricators@Protobuf@@SAPBVDescriptor@protobuf@google@@XZ,0x4dbda0,0xf
?descriptor@Stats_Hacking_UnauthorizedHacks_Terminals@Protobuf@@SAPBVDescriptor@protobuf@google@@XZ,0x4dbda0,0xf
?descriptor@Stats_Hacking_GarrisonAccessHacks@Protobuf@@SAPBVDescriptor@protobuf@google@@XZ,0x4dbda0,0xf
?descriptor@Stats_Hacking_Scanalyzer@Protobuf@@SAPBVDescriptor@protobuf@google@@XZ,0x4dbda0,0xf
?descriptor@Stats_Hacking_RecyclingUnitHacks@Protobuf@@SAPBVDescriptor@protobuf@google@@XZ,0x4dbda0,0xf
?descriptor@Stats_Hacking_RepairStationHacks@Protobuf@@SAPBVDescriptor@protobuf@google@@XZ,0x4dbda0,0xf
?descriptor@Stats_Hacking_FabricatorHacks@Protobuf@@SAPBVDescriptor@protobuf@google@@XZ,0x4dbda0,0xf
?descriptor@Stats_Hacking_TerminalHacks@Protobuf@@SAPBVDescriptor@protobuf@google@@XZ,0x4dbda0,0xf
?descriptor@Stats_Hacking_TotalHacks@Protobuf@@SAPBVDescriptor@protobuf@google@@XZ,0x4dbda0,0xf
?descriptor@Stats_Hacking_TotalHacks_Failed@Protobuf@@SAPBVDescriptor@protobuf@google@@XZ,0x4dbda0,0xf
?descriptor@Stats_Hacking_MachinesAccessed@Protobuf@@SAPBVDescriptor@protobuf@google@@XZ,0x4dbda0,0xf
?descriptor@Stats_Machines@Protobuf@@SAPBVDescriptor@protobuf@google@@XZ,0x4dbda0,0xf
?descriptor@Stats_Machines_MachinesDisabled@Protobuf@@SAPBVDescriptor@protobuf@google@@XZ,0x4dbda0,0xf
?descriptor@Stats_Traps@Protobuf@@SAPBVDescriptor@protobuf@google@@XZ,0x4dbda0,0xf
?descriptor@Stats_Traps_TimeBombsActivated@Protobuf@@SAPBVDescriptor@protobuf@google@@XZ,0x4dbda0,0xf
?descriptor@Stats_Traps_ObjectsRigged@Protobuf@@SAPBVDescriptor@protobuf@google@@XZ,0x4dbda0,0xf
?descriptor@Stats_Traps_TrapsExtracted@Protobuf@@SAPBVDescriptor@protobuf@google@@XZ,0x4dbda0,0xf
?descriptor@Stats_Traps_TrapHackAttempts@Protobuf@@SAPBVDescriptor@protobuf@google@@XZ,0x4dbda0,0xf
?descriptor@Stats_Traps_TrapsTriggered@Protobuf@@SAPBVDescriptor@protobuf@google@@XZ,0x4dbda0,0xf
?descriptor@Stats_Stealth@Protobuf@@SAPBVDescriptor@protobuf@google@@XZ,0x4dbda0,0xf
?descriptor@Stats_Stealth_IdMasksUsed@Protobuf@@SAPBVDescriptor@protobuf@google@@XZ,0x4dbda0,0xf
?descriptor@Stats_Stealth_TimesSpotted@Protobuf@@SAPBVDescriptor@protobuf@google@@XZ,0x4dbda0,0xf
?descriptor@Stats_Stealth_CommunicationsJammed@Protobuf@@SAPBVDescriptor@protobuf@google@@XZ,0x4dbda0,0xf
?descriptor@Stats_Alert@Protobuf@@SAPBVDescriptor@protobuf@google@@XZ,0x4dbda0,0xf
?descriptor@Stats_Alert_SquadsDispatched@Protobuf@@SAPBVDescriptor@protobuf@google@@XZ,0x4dbda0,0xf
?descriptor@Stats_Alert_InfluenceDecreases@Protobuf@@SAPBVDescriptor@protobuf@google@@XZ,0x4dbda0,0xf
?descriptor@Stats_Alert_InfluenceIncreases@Protobuf@@SAPBVDescriptor@protobuf@google@@XZ,0x4dbda0,0xf
?descriptor@Stats_Alert_PeakInfluence@Protobuf@@SAPBVDescriptor@protobuf@google@@XZ,0x4dbda0,0xf
?descriptor@Stats_Alert_MaximumAlertLevel@Protobuf@@SAPBVDescriptor@protobuf@google@@XZ,0x4dbda0,0xf
?descriptor@Stats_Combat@Protobuf@@SAPBVDescriptor@protobuf@google@@XZ,0x4dbda0,0xf
?descriptor@Stats_Combat_LatentEnergyUsed@Protobuf@@SAPBVDescriptor@protobuf@google@@XZ,0x4dbda0,0xf
?descriptor@Stats_Combat_RobotsMelted@Protobuf@@SAPBVDescriptor@protobuf@google@@XZ,0x4dbda0,0xf
?descriptor@Stats_Combat_RobotsCorrupted@Protobuf@@SAPBVDescriptor@protobuf@google@@XZ,0x4dbda0,0xf
?descriptor@Stats_Combat_RobotsDisrupted@Protobuf@@SAPBVDescriptor@protobuf@google@@XZ,0x4dbda0,0xf
?descriptor@Stats_Combat_ShieldingActivations@Protobuf@@SAPBVDescriptor@protobuf@google@@XZ,0x4dbda0,0xf
?descriptor@Stats_Combat_MartialActivations@Protobuf@@SAPBVDescriptor@protobuf@google@@XZ,0x4dbda0,0xf
?descriptor@Stats_Combat_SiegeActivations@Protobuf@@SAPBVDescriptor@protobuf@google@@XZ,0x4dbda0,0xf
?descriptor@Stats_Combat_HighestTemperature@Protobuf@@SAPBVDescriptor@protobuf@google@@XZ,0x4dbda0,0xf
?descriptor@Stats_Combat_HighestTemperature_Effects@Protobuf@@SAPBVDescriptor@protobuf@google@@XZ,0x4dbda0,0xf
?descriptor@Stats_Combat_TargetsRammed@Protobuf@@SAPBVDescriptor@protobuf@google@@XZ,0x4dbda0,0xf
?descriptor@Stats_Combat_SelfInflictedDamage@Protobuf@@SAPBVDescriptor@protobuf@google@@XZ,0x4dbda0,0xf
?descriptor@Stats_Combat_Knockbacks@Protobuf@@SAPBVDescriptor@protobuf@google@@XZ,0x4dbda0,0xf
?descriptor@Stats_Combat_OverflowDamage@Protobuf@@SAPBVDescriptor@protobuf@google@@XZ,0x4dbda0,0xf
?descriptor@Stats_Combat_OverloadShots@Protobuf@@SAPBVDescriptor@protobuf@google@@XZ,0x4dbda0,0xf
?descriptor@Stats_Combat_OverloadShots_Effects@Protobuf@@SAPBVDescriptor@protobuf@google@@XZ,0x4dbda0,0xf
?descriptor@Stats_Combat_HighestCorruption@Protobuf@@SAPBVDescriptor@protobuf@google@@XZ,0x4dbda0,0xf
?descriptor@Stats_Combat_HighestCorruption_Effects@Protobuf@@SAPBVDescriptor@protobuf@google@@XZ,0x4dbda0,0xf
?descriptor@Stats_Combat_DamageInflicted@Protobuf@@SAPBVDescriptor@protobuf@google@@XZ,0x4dbda0,0xf
?descriptor@Stats_Combat_MeleeAttacks@Protobuf@@SAPBVDescriptor@protobuf@google@@XZ,0x4dbda0,0xf
?descriptor@Stats_Combat_MeleeAttacks_SneakAttacks@Protobuf@@SAPBVDescriptor@protobuf@google@@XZ,0x4dbda0,0xf
?descriptor@Stats_Combat_ShotsHitRobots@Protobuf@@SAPBVDescriptor@protobuf@google@@XZ,0x4dbda0,0xf
?descriptor@Stats_Combat_ShotsHitRobots_CriticalStrikes@Protobuf@@SAPBVDescriptor@protobuf@google@@XZ,0x4dbda0,0xf
?descriptor@Stats_Combat_ShotsFired@Protobuf@@SAPBVDescriptor@protobuf@google@@XZ,0x4dbda0,0xf
?descriptor@Stats_Combat_ShotsFired_SecondaryTargets@Protobuf@@SAPBVDescriptor@protobuf@google@@XZ,0x4dbda0,0xf
?descriptor@Stats_Combat_VolleysFired@Protobuf@@SAPBVDescriptor@protobuf@google@@XZ,0x4dbda0,0xf
?descriptor@Stats_Combat_DamageTaken@Protobuf@@SAPBVDescriptor@protobuf@google@@XZ,0x4dbda0,0xf
?descriptor@Stats_Combat_HostileShotsFired@Protobuf@@SAPBVDescriptor@protobuf@google@@XZ,0x4dbda0,0xf
?descriptor@Stats_Combat_HostileShotsFired_PartDisruptions@Protobuf@@SAPBVDescriptor@protobuf@google@@XZ,0x4dbda0,0xf
?descriptor@Stats_Combat_HostileShotsFired_CriticalStrikes@Protobuf@@SAPBVDescriptor@protobuf@google@@XZ,0x4dbda0,0xf
?descriptor@Stats_Combat_HostileShotsFired_Hits@Protobuf@@SAPBVDescriptor@protobuf@google@@XZ,0x4dbda0,0xf
?descriptor@Stats_Kills@Protobuf@@SAPBVDescriptor@protobuf@google@@XZ,0x4dbda0,0xf
?descriptor@Stats_Kills_MaxKillsInSingleTurn@Protobuf@@SAPBVDescriptor@protobuf@google@@XZ,0x4dbda0,0xf
?descriptor@Stats_Kills_BestKillStreak@Protobuf@@SAPBVDescriptor@protobuf@google@@XZ,0x4dbda0,0xf
?descriptor@Stats_Kills_ClassesDestroyed@Protobuf@@SAPBVDescriptor@protobuf@google@@XZ,0x4dbda0,0xf
?descriptor@Stats_Kills_CombatHostilesDestroyed@Protobuf@@SAPBVDescriptor@protobuf@google@@XZ,0x4dbda0,0xf
?descriptor@Stats_Resources@Protobuf@@SAPBVDescriptor@protobuf@google@@XZ,0x4dbda0,0xf
?descriptor@Stats_Resources_PartsRestored@Protobuf@@SAPBVDescriptor@protobuf@google@@XZ,0x4dbda0,0xf
?descriptor@Stats_Resources_PartsSelfDestructed@Protobuf@@SAPBVDescriptor@protobuf@google@@XZ,0x4dbda0,0xf
?descriptor@Stats_Resources_PartsFieldRecycled@Protobuf@@SAPBVDescriptor@protobuf@google@@XZ,0x4dbda0,0xf
?descriptor@Stats_Resources_SalvageCreated@Protobuf@@SAPBVDescriptor@protobuf@google@@XZ,0x4dbda0,0xf
?descriptor@Stats_Resources_MatterCollected@Protobuf@@SAPBVDescriptor@protobuf@google@@XZ,0x4dbda0,0xf
?descriptor@Stats_Build@Protobuf@@SAPBVDescriptor@protobuf@google@@XZ,0x4dbda0,0xf
?descriptor@Stats_Build_TransmogrifiedParts@Protobuf@@SAPBVDescriptor@protobuf@google@@XZ,0x4dbda0,0xf
?descriptor@Stats_Build_ScrapSuitUsage@Protobuf@@SAPBVDescriptor@protobuf@google@@XZ,0x4dbda0,0xf
?descriptor@Stats_Build_ScrapEngineConsumption@Protobuf@@SAPBVDescriptor@protobuf@google@@XZ,0x4dbda0,0xf
?descriptor@Stats_Build_LargestInventoryCapacity@Protobuf@@SAPBVDescriptor@protobuf@google@@XZ,0x4dbda0,0xf
?descriptor@Stats_Build_HeaviestBuild@Protobuf@@SAPBVDescriptor@protobuf@google@@XZ,0x4dbda0,0xf
?descriptor@Stats_Build_PeakBuildRating@Protobuf@@SAPBVDescriptor@protobuf@google@@XZ,0x4dbda0,0xf
?descriptor@Stats_Build_AverageSlotUsagePercent@Protobuf@@SAPBVDescriptor@protobuf@google@@XZ,0x4dbda0,0xf
?descriptor@Stats_Build_UnusedSpares@Protobuf@@SAPBVDescriptor@protobuf@google@@XZ,0x4dbda0,0xf
?descriptor@Stats_Build_AverageSpares@Protobuf@@SAPBVDescriptor@protobuf@google@@XZ,0x4dbda0,0xf
?descriptor@Stats_Build_PartsLost@Protobuf@@SAPBVDescriptor@protobuf@google@@XZ,0x4dbda0,0xf
?descriptor@Stats_Build_PartsAttached@Protobuf@@SAPBVDescriptor@protobuf@google@@XZ,0x4dbda0,0xf
?descriptor@Stats_Build_PartsAttached_CorruptedParts@Protobuf@@SAPBVDescriptor@protobuf@google@@XZ,0x4dbda0,0xf
?descriptor@Stats_Build_PartsAttached_Weapon@Protobuf@@SAPBVDescriptor@protobuf@google@@XZ,0x4dbda0,0xf
?descriptor@Stats_Build_PartsAttached_Utility@Protobuf@@SAPBVDescriptor@protobuf@google@@XZ,0x4dbda0,0xf
?descriptor@Stats_Build_PartsAttached_Propulsion@Protobuf@@SAPBVDescriptor@protobuf@google@@XZ,0x4dbda0,0xf
?descriptor@Stats_Build_PartsAttached_Power@Protobuf@@SAPBVDescriptor@protobuf@google@@XZ,0x4dbda0,0xf
?descriptor@Stats_Build_SlotsEvolved@Protobuf@@SAPBVDescriptor@protobuf@google@@XZ,0x4dbda0,0xf
?descriptor@Route@Protobuf@@SAPBVDescriptor@protobuf@google@@XZ,0x4dbda0,0xf
?descriptor@Route_Entry@Protobuf@@SAPBVDescriptor@protobuf@google@@XZ,0x4dbda0,0xf
?descriptor@Route_Entry_Factors@Protobuf@@SAPBVDescriptor@protobuf@google@@XZ,0x4dbda0,0xf
?descriptor@Route_Entry_ObtainedStudy@Protobuf@@SAPBVDescriptor@protobuf@google@@XZ,0x4dbda0,0xf
?descriptor@Route_Entry_RepairedObject@Protobuf@@SAPBVDescriptor@protobuf@google@@XZ,0x4dbda0,0xf
?descriptor@Route_Entry_FabricatedObject@Protobuf@@SAPBVDescriptor@protobuf@google@@XZ,0x4dbda0,0xf
?descriptor@Route_Entry_ObtainedSchematic@Protobuf@@SAPBVDescriptor@protobuf@google@@XZ,0x4dbda0,0xf
?descriptor@Route_Entry_HistoryEvent@Protobuf@@SAPBVDescriptor@protobuf@google@@XZ,0x4dbda0,0xf
?descriptor@Route_Entry_DiscoveredExit@Protobuf@@SAPBVDescriptor@protobuf@google@@XZ,0x4dbda0,0xf
?descriptor@Meta@Protobuf@@SAPBVDescriptor@protobuf@google@@XZ,0x4dbda0,0xf
?descriptor@Options@Protobuf@@SAPBVDescriptor@protobuf@google@@XZ,0x4dbda0,0xf
?descriptor@Game@Protobuf@@SAPBVDescriptor@protobuf@google@@XZ,0x4dbda0,0xf
?descriptor@PolymindHostKillLeaderboard@Protobuf@@SAPBVDescriptor@protobuf@google@@XZ,0x4dbda0,0xf
?descriptor@PolymindHostKillLeaderboard_HostRecord@Protobuf@@SAPBVDescriptor@protobuf@google@@XZ,0x4dbda0,0xf
?descriptor@CogshopPurchases@Protobuf@@SAPBVDescriptor@protobuf@google@@XZ,0x4dbda0,0xf
?descriptor@CogshopPurchases_Purchase@Protobuf@@SAPBVDescriptor@protobuf@google@@XZ,0x4dbda0,0xf
?descriptor@Challenges@Protobuf@@SAPBVDescriptor@protobuf@google@@XZ,0x4dbda0,0xf
?descriptor@Achievements@Protobuf@@SAPBVDescriptor@protobuf@google@@XZ,0x4dbda0,0xf
?descriptor@AlienTechUsed@Protobuf@@SAPBVDescriptor@protobuf@google@@XZ,0x4dbda0,0xf
?descriptor@BestStates@Protobuf@@SAPBVDescriptor@protobuf@google@@XZ,0x4dbda0,0xf
?descriptor@Map@Protobuf@@SAPBVDescriptor@protobuf@google@@XZ,0x4dbda0,0xf
?descriptor@HistoryEventWin@Protobuf@@SAPBVDescriptor@protobuf@google@@XZ,0x4dbda0,0xf
?descriptor@LastMessages@Protobuf@@SAPBVDescriptor@protobuf@google@@XZ,0x4dbda0,0xf
?descriptor@ClassDistribution@Protobuf@@SAPBVDescriptor@protobuf@google@@XZ,0x4dbda0,0xf
?descriptor@ClassDistribution_ClassEntry@Protobuf@@SAPBVDescriptor@protobuf@google@@XZ,0x4dbda0,0xf
?descriptor@Favorites@Protobuf@@SAPBVDescriptor@protobuf@google@@XZ,0x4dbda0,0xf
?descriptor@Favorites_Weapon@Protobuf@@SAPBVDescriptor@protobuf@google@@XZ,0x4dbda0,0xf
?descriptor@Favorites_Utility@Protobuf@@SAPBVDescriptor@protobuf@google@@XZ,0x4dbda0,0xf
?descriptor@Favorites_Propulsion@Protobuf@@SAPBVDescriptor@protobuf@google@@XZ,0x4dbda0,0xf
?descriptor@Favorites_Power@Protobuf@@SAPBVDescriptor@protobuf@google@@XZ,0x4dbda0,0xf
?descriptor@PeakState@Protobuf@@SAPBVDescriptor@protobuf@google@@XZ,0x4dbda0,0xf
?descriptor@Parts@Protobuf@@SAPBVDescriptor@protobuf@google@@XZ,0x4dbda0,0xf
?descriptor@PartSection@Protobuf@@SAPBVDescriptor@protobuf@google@@XZ,0x4dbda0,0xf
?descriptor@Cogmind@Protobuf@@SAPBVDescriptor@protobuf@google@@XZ,0x4dbda0,0xf
?descriptor@Cogmind_Movement@Protobuf@@SAPBVDescriptor@protobuf@google@@XZ,0x4dbda0,0xf
?descriptor@Cogmind_Temperature@Protobuf@@SAPBVDescriptor@protobuf@google@@XZ,0x4dbda0,0xf
?descriptor@Cogmind_Corruption@Protobuf@@SAPBVDescriptor@protobuf@google@@XZ,0x4dbda0,0xf
?descriptor@Cogmind_VariableValue@Protobuf@@SAPBVDescriptor@protobuf@google@@XZ,0x4dbda0,0xf
?descriptor@Location@Protobuf@@SAPBVDescriptor@protobuf@google@@XZ,0x4dbda0,0xf
?descriptor@Bonus@Protobuf@@SAPBVDescriptor@protobuf@google@@XZ,0x4dbda0,0xf
?descriptor@Performance@Protobuf@@SAPBVDescriptor@protobuf@google@@XZ,0x4dbda0,0xf
?descriptor@Performance_Entry@Protobuf@@SAPBVDescriptor@protobuf@google@@XZ,0x4dbda0,0xf
?descriptor@Header@Protobuf@@SAPBVDescriptor@protobuf@google@@XZ,0x4dbda0,0xf
?descriptor@Scoresheet@Protobuf@@SAPBVDescriptor@protobuf@google@@XZ,0x4dbda0,0xf
?descriptor@Submission@Protobuf@@SAPBVDescriptor@protobuf@google@@XZ,0x4dbda0,0xf
?descriptor@Submission_Envelope@Protobuf@@SAPBVDescriptor@protobuf@google@@XZ,0x4dbda0,0xf
?descriptor@Submission_CreatedAt@Protobuf@@SAPBVDescriptor@protobuf@google@@XZ,0x4dbda0,0xf
?descriptor@PostScoresheetResponse@Protobuf@@SAPBVDescriptor@protobuf@google@@XZ,0x4dbda0,0xf
?descriptor@PostScoresheetRequest@Protobuf@@SAPBVDescriptor@protobuf@google@@XZ,0x4dbda0,0xf
?descriptor@PingResponse@Protobuf@@SAPBVDescriptor@protobuf@google@@XZ,0x4dbda0,0xf
?StudyMethodType_descriptor@Protobuf@@YAPBVEnumDescriptor@protobuf@google@@XZ,0x4dbda0,0xf
?SchematicMethodType_descriptor@Protobuf@@YAPBVEnumDescriptor@protobuf@google@@XZ,0x4dbda0,0xf
?SchematicType_descriptor@Protobuf@@YAPBVEnumDescriptor@protobuf@google@@XZ,0x4dbda0,0xf
?SteamType_descriptor@Protobuf@@YAPBVEnumDescriptor@protobuf@google@@XZ,0x4dbda0,0xf
?FullscreenType_descriptor@Protobuf@@YAPBVEnumDescriptor@protobuf@google@@XZ,0x4dbda0,0xf
?MovementInputType_descriptor@Protobuf@@YAPBVEnumDescriptor@protobuf@google@@XZ,0x4dbda0,0xf
?UiLayoutType_descriptor@Protobuf@@YAPBVEnumDescriptor@protobuf@google@@XZ,0x4dbda0,0xf
?MoveModeType_descriptor@Protobuf@@YAPBVEnumDescriptor@protobuf@google@@XZ,0x4dbda0,0xf
?HeatLevelType_descriptor@Protobuf@@YAPBVEnumDescriptor@protobuf@google@@XZ,0x4dbda0,0xf
?MapType_descriptor@Protobuf@@YAPBVEnumDescriptor@protobuf@google@@XZ,0x4dbda0,0xf
?SpecialModeType_descriptor@Protobuf@@YAPBVEnumDescriptor@protobuf@google@@XZ,0x4dbda0,0xf
?DifficultyType_descriptor@Protobuf@@YAPBVEnumDescriptor@protobuf@google@@XZ,0x4dbda0,0xf
?findPath@Cartographer2D@@QAE_NABUPoint@@0PAVCartographer2DMoveCost@@PAXAAV?$vector@UPoint@@V?$allocator@UPoint@@@std@@@std@@@Z,0x40c9a0,0x3b
??__Estatic_descriptor_initializer@protobuf_scoresheet_2eproto@@YAXXZ,0xb23d50,0xf
??__Edisplay_name@Protobuf@@YAXXZ,0xb5bc10,0x19
??__Eindent_levels@Protobuf@@YAXXZ,0xb5bc30,0x16
??__Eskip_zero@Protobuf@@YAXXZ,0xb5bc50,0x16
??__Eenum_display_name@Protobuf@@YAXXZ,0xb5bca0,0x19
??__Eenum_display_abbreviation@Protobuf@@YAXXZ,0xb5bcf0,0x19
??__Eunknown_cfd44c@@YAXXZ,0xb53a90,0x1c
??__EoriginalTerrain@@YAXXZ,0xb53ab0,0x1c
??__Eunknown_cf3a00@@YAXXZ,0xb53ad0,0x1c
??__Eunknown_cfc1a4@@YAXXZ,0xb53af0,0x1c
??__Eunknown_cf0fa8@@YAXXZ,0xb53b30,0x1c
??__Eunknown_d33d74@@YAXXZ,0xb53b70,0x1c
??__Eunknown_cf25b8@@YAXXZ,0xb53bb0,0x1c
??__Eunknown_d37984@@YAXXZ,0xb53bd0,0x1c
??__Eunknown_d2a2cc@@YAXXZ,0xb53c30,0x1c
??__Eunknown_cf44b0@@YAXXZ,0xb53c50,0x1c
??__Eunknown_d2a520@@YAXXZ,0xb53c70,0x1c
??__Eunknown_d39f1c@@YAXXZ,0xb53c90,0x1c
??__Eunknown_d3239c@@YAXXZ,0xb53cf0,0x1c
??__Eunknown_d20690@@YAXXZ,0xb53d10,0x1c
??__Eunknown_d35860@@YAXXZ,0xb53d30,0x1c
??__Eunknown_d1daec@@YAXXZ,0xb53d50,0x1c
??__Eunknown_d01b28@@YAXXZ,0xb53d70,0x1c
??__Eunknown_d02b64@@YAXXZ,0xb53d90,0x1c
??__Eunknown_cf11a0@@YAXXZ,0xb53db0,0x1c
??__Eunknown_d22744@@YAXXZ,0xb53dd0,0x1c
??__Eunknown_d2c41c@@YAXXZ,0xb53e70,0x1c
??__Eunknown_d378ac@@YAXXZ,0xb53eb0,0x1c
??__Eunknown_d01be8@@YAXXZ,0xb53ed0,0x1c
??__Eunknown_d3976c@@YAXXZ,0xb53f00,0x1c
??__Eunknown_d29d6c@@YAXXZ,0xb53f20,0x1c
??__Eunknown_d2ac84@@YAXXZ,0xb53f40,0x1c
??__Eunknown_d3977c@@YAXXZ,0xb53f60,0x1c
??__Eunknown_d35870@@YAXXZ,0xb53f80,0x1c
??__Eunknown_cfd2ec@@YAXXZ,0xb53fa0,0x1c
??__Eunknown_cf67c0@@YAXXZ,0xb53fc0,0x1c
??__Eunknown_d29808@@YAXXZ,0xb53fe0,0x1c
??__Eunknown_d161b4@@YAXXZ,0xb54000,0x1c
??__Eunknown_cfe704@@YAXXZ,0xb54020,0x1c
??__Eunknown_cfcc5c@@YAXXZ,0xb54040,0x1c
??__Eunknown_d323ac@@YAXXZ,0xb54060,0x1c
??__Eunknown_d2f4f4@@YAXXZ,0xb54080,0x1c
??__Evec_d1e31c@@YAXXZ,0xb540a0,0x1c
??__Evec_d01c04@@YAXXZ,0xb540c0,0x1c
??__Evec_d35b48@@YAXXZ,0xb540e0,0x1c
??__Evec_d2b4d8@@YAXXZ,0xb54100,0x1c
??__Evec_d32ce0@@YAXXZ,0xb54120,0x1c
??__Evec_cfd2cc@@YAXXZ,0xb54140,0x1c
??__Evec_d2f0f8@@YAXXZ,0xb54160,0x1c
??__Evec_cf671c@@YAXXZ,0xb54180,0x1c
??__Evec_d223b4@@YAXXZ,0xb541a0,0x1c
??__Evec_cf08c4@@YAXXZ,0xb541c0,0x1c
??__Evec_cf3a20@@YAXXZ,0xb541e0,0x1c
??__Evec_d389c4@@YAXXZ,0xb54200,0x1c
??__Evec_cf09a8@@YAXXZ,0xb54220,0x1c
??__Eunk9b8b60_cf4544@@YAXXZ,0xb54240,0x1c
??__Evec_cf08d4@@YAXXZ,0xb54260,0x1c
??__Evec_d2c408@@YAXXZ,0xb54280,0x1c
??__Evec_d1e32c@@YAXXZ,0xb542a0,0x1c
??__Eitemset_d358c0@@YAXXZ,0xb542c0,0x1c
??__Evec_cf35b0@@YAXXZ,0xb542e0,0x1c
??__Evec_cfb844@@YAXXZ,0xb54300,0x1c
??__Evec_d2d1c4@@YAXXZ,0xb54320,0x1c
??__Eimage_d2e9b0@@YAXXZ,0xb54340,0x1c
??__Eimage_d1da88@@YAXXZ,0xb54360,0x1c
??__Evec_d2ed7c@@YAXXZ,0xb54380,0x1c
??__Evec_d316a0@@YAXXZ,0xb543a0,0x1c
??__Evec_d32990@@YAXXZ,0xb543c0,0x1c
??__Evec_d31510@@YAXXZ,0xb543e0,0x1c
??__Eitemset_d2ae08@@YAXXZ,0xb54400,0x1c
??__Eitemset_d31700@@YAXXZ,0xb54420,0x1c
??__Eitemset_cf0c04@@YAXXZ,0xb54440,0x1c
??__Eitemset_cfe5ec@@YAXXZ,0xb54460,0x1c
??__Eitemset_d29d44@@YAXXZ,0xb54480,0x1c
??__Eitemset_d39794@@YAXXZ,0xb544a0,0x1c
??__Evec_d1e00c@@YAXXZ,0xb544c0,0x1c
??__Evec_cf4554@@YAXXZ,0xb544e0,0x1c
??__Evec_d25f50@@YAXXZ,0xb54500,0x1c
??__Evec_cefce8@@YAXXZ,0xb54520,0x1c
??__Evec_d02cd0@@YAXXZ,0xb54540,0x1c
??__Evec_cf7574@@YAXXZ,0xb54560,0x1c
??__Estrvec_d2c444@@YAXXZ,0xb54580,0x1c
??__Estrvec_d204dc@@YAXXZ,0xb545a0,0x1c
??__Estrvec_d37a40@@YAXXZ,0xb545c0,0x1c
??__Eunk9b2e60_d204ec@@YAXXZ,0xb545e0,0x1c
??__Evec_d25de0@@YAXXZ,0xb54600,0x1c
??__Eitemset_d02b74@@YAXXZ,0xb54620,0x1c
??__Eitemset_d2601c@@YAXXZ,0xb54640,0x1c
??__Eitemset_cf2974@@YAXXZ,0xb54660,0x1c
??__Eitemset_d29da4@@YAXXZ,0xb54680,0x1c
??__Estrvec_d30540@@YAXXZ,0xb546a0,0x1c
??__Estrvec_d1d61c@@YAXXZ,0xb546c0,0x1c
??__Estrvec_d29d7c@@YAXXZ,0xb546e0,0x1c
??__Earr_d2ea30@@YAXXZ,0xb54730,0x1c
??__Evec_cf1af8@@YAXXZ,0xb54750,0x1c
??__Evec_d15d9c@@YAXXZ,0xb54770,0x1c
??__Estrvec_d1f394@@YAXXZ,0xb54790,0x1c
??__Evec_d21afc@@YAXXZ,0xb547d0,0x1c
??__Evec_cf7560@@YAXXZ,0xb547f0,0x1c
??__Estrvec_d388e0@@YAXXZ,0xb54810,0x1c
??__Estrvec_d2c42c@@YAXXZ,0xb54830,0x1c
??__Eobj_cfc184@@YAXXZ,0xb54850,0x1c
??__Evec_d35b58@@YAXXZ,0xb54870,0x1c
??__Estrvec_d1d9b0@@YAXXZ,0xb54890,0x1c
??__Estrvec_d2283c@@YAXXZ,0xb548b0,0x1c
??__Evec_cf39dc@@YAXXZ,0xb548d0,0x1c
??__Evec_d02cb4@@YAXXZ,0xb548f0,0x1c
??__Evec_cf1a04@@YAXXZ,0xb54910,0x1c
??__Evec_d161c4@@YAXXZ,0xb54930,0x1c
??__Estrvec_d29970@@YAXXZ,0xb54950,0x1c
??__Evec_d379ec@@YAXXZ,0xb54990,0x1c
??__Evec_d25860@@YAXXZ,0xb549b0,0x1c
??__Evec_d39458@@YAXXZ,0xb549d0,0x1c
??__Evec_d1d078@@YAXXZ,0xb549f0,0x1c
??__Estrvec_cf25c8@@YAXXZ,0xb54a10,0x1c
??__Eobj_d20454@@YAXXZ,0xb54a30,0x1c
??__Eobj_cfb938@@YAXXZ,0xb54a50,0x1c
??__Evec_cfb908@@YAXXZ,0xb54a70,0x1c
??__Evec_cfb918@@YAXXZ,0xb54a90,0x1c
??__Eobj_d29734@@YAXXZ,0xb54ab0,0x1c
??__Evec_cfb928@@YAXXZ,0xb54ad0,0x1c
??__Eobj_cfb8f8@@YAXXZ,0xb54af0,0x1c
??__Evec_cf686c@@YAXXZ,0xb54b10,0x1c
??__Erng_d20d00@@YAXXZ,0xb54b30,0x1c
??__Evec_d22590@@YAXXZ,0xb54b50,0x1c
??__Eobj_d20404@@YAXXZ,0xb54b70,0x1c
??__Eobj_d33888@@YAXXZ,0xb54b90,0x1c
??__Eobj_d2f288@@YAXXZ,0xb54bb0,0x1c
??__Eobj_d208d4@@YAXXZ,0xb54bd0,0x1c
??__Eobj_d21720@@YAXXZ,0xb54bf0,0x1c
??__Eobj_d2a298@@YAXXZ,0xb54c10,0x1c
??__Eobj_d1e720@@YAXXZ,0xb54c30,0x1c
??__Eobj_cfac14@@YAXXZ,0xb54c50,0x1c
??__Evec_d2f108@@YAXXZ,0xb54c70,0x1c
??__Estrvec_d1ddcc@@YAXXZ,0xb54c90,0x1c
??__Evec_cf7550@@YAXXZ,0xb54cb0,0x1c
??__Estrvec_d33d28@@YAXXZ,0xb54cd0,0x1c
??__Evec_d33d38@@YAXXZ,0xb54cf0,0x1c
??__Evec_d33d48@@YAXXZ,0xb54d10,0x1c
??__Eunk467710_d25628@@YAXXZ,0xb55080,0x1c
??__Eunk46d8b0_cf45d8@@YAXXZ,0xb55130,0x1c
??__Eunk46ea00_d338e0@@YAXXZ,0xb551e0,0x1c
??__Eunk46f1e0_d1e860@@YAXXZ,0xb55200,0x1c
??__Evec_d323c8@@YAXXZ,0xb55220,0x1c
??__Eunk472700_d2c658@@YAXXZ,0xb55770,0x1c
??__Evec_d3862c@@YAXXZ,0xb58c90,0x1c
??__Evec_d2d28c@@YAXXZ,0xb58cb0,0x1c
??__Evec_d31da4@@YAXXZ,0xb58cd0,0x1c
??__Evec_d2a8a0@@YAXXZ,0xb58cf0,0x1c
??__Evec_d01bd8@@YAXXZ,0xb58d10,0x1c
??__Evec_cefd04@@YAXXZ,0xb594e0,0x1c
??__Evec_d2ec1c@@YAXXZ,0xb59500,0x1c
??__Evec_cfc20c@@YAXXZ,0xb59520,0x1c
??__Evec_cf2800@@YAXXZ,0xb59540,0x1c
??__Evec_d32ecc@@YAXXZ,0xb59560,0x1c
??__Eunk49b980_d1d9c0@@YAXXZ,0xb59580,0x1c
??__Evec_d22300@@YAXXZ,0xb5a5c0,0x1c
??__Evec_d3860c@@YAXXZ,0xb5a5e0,0x1c
??__Evec_cfd1cc@@YAXXZ,0xb5a600,0x1c
??__Eunk4b3d30_d2f1c8@@YAXXZ,0xb5aa30,0x1c
??__Eunk9b5720_cf4d94@@YAXXZ,0xb5ba00,0x1c
??__Eunk9b8b60_cf670c@@YAXXZ,0xb5ba20,0x1c
??__Eunk9b8b60_d21f5c@@YAXXZ,0xb5ba40,0x1c
??__Evec_d32edc@@YAXXZ,0xb5bf10,0x1c
??__Evec_d29774@@YAXXZ,0xb5bf30,0x1c
??__Evec_d2c454@@YAXXZ,0xb5bf50,0x1c
??__Evec_d35850@@YAXXZ,0xb5bf70,0x1c
??__Evec_d29744@@YAXXZ,0xb5bf90,0x1c
??__Evec_d1e754@@YAXXZ,0xb5bfb0,0x1c
??__Evec_d2ad50@@YAXXZ,0xb5bfd0,0x1c
??__Evec_d1e7c4@@YAXXZ,0xb5bff0,0x1c
??__Evec_d32eec@@YAXXZ,0xb5c010,0x1c
??__Evec_d1e7a4@@YAXXZ,0xb5c030,0x1c
??__Evec_d1e7e4@@YAXXZ,0xb5c050,0x1c
??__Evec_d1e784@@YAXXZ,0xb5c070,0x1c
??__Evec_d1e814@@YAXXZ,0xb5c090,0x1c
??__Evec_d2021c@@YAXXZ,0xb5c0b0,0x1c
??__Evec_d21ae8@@YAXXZ,0xb5c0d0,0x1c
??__Evec_d1e774@@YAXXZ,0xb5c0f0,0x1c
??__Evec_d1e7d4@@YAXXZ,0xb5c110,0x1c
??__Evec_d2e60c@@YAXXZ,0xb5c130,0x1c
??__Evec_d387c8@@YAXXZ,0xb5c150,0x1c
??__Evec_d35df8@@YAXXZ,0xb5c170,0x1c
??__Evec_d22f8c@@YAXXZ,0xb5c190,0x1c
??__Evec_d22fbc@@YAXXZ,0xb5c1b0,0x1c
??__EgameStrings_cfb7b8@@YAXXZ,0xb59a40,0x2a
??__Fvec_d22f8c@@YAXXZ,0xb601e0,0xf
??__Fvec_d22fbc@@YAXXZ,0xb601f0,0xf
?capacity@?$vector@UElem_9e3800@@V?$allocator@UElem_9e3800@@@std@@@std@@QBEIXZ,0x9c60a0,0x19
?size@?$vector@UElem_9e3800@@V?$allocator@UElem_9e3800@@@std@@@std@@QBEIXZ,0x9b5100,0x19
?capacity@?$vector@UElem_9e39f0@@V?$allocator@UElem_9e39f0@@@std@@@std@@QBEIXZ,0x9c60a0,0x19
?size@?$vector@UElem_9e39f0@@V?$allocator@UElem_9e39f0@@@std@@@std@@QBEIXZ,0x9b5100,0x19
?capacity@?$vector@UElem_9e3a60@@V?$allocator@UElem_9e3a60@@@std@@@std@@QBEIXZ,0x9c60a0,0x19
?size@?$vector@UElem_9e3a60@@V?$allocator@UElem_9e3a60@@@std@@@std@@QBEIXZ,0x9b5100,0x19
?capacity@?$vector@UElem_9e3a80@@V?$allocator@UElem_9e3a80@@@std@@@std@@QBEIXZ,0x9c60a0,0x19
?size@?$vector@UElem_9e3a80@@V?$allocator@UElem_9e3a80@@@std@@@std@@QBEIXZ,0x9b5100,0x19
?capacity@?$vector@UElem_9e3aa0@@V?$allocator@UElem_9e3aa0@@@std@@@std@@QBEIXZ,0x9c60a0,0x19
?size@?$vector@UElem_9e3aa0@@V?$allocator@UElem_9e3aa0@@@std@@@std@@QBEIXZ,0x9b5100,0x19
?capacity@?$vector@UElem_9e3b20@@V?$allocator@UElem_9e3b20@@@std@@@std@@QBEIXZ,0x9c6ea0,0x1e
?size@?$vector@UElem_9e3b20@@V?$allocator@UElem_9e3b20@@@std@@@std@@QBEIXZ,0x9b4760,0x1e
??A?$vector@UElem_9e3b20@@V?$allocator@UElem_9e3b20@@@std@@@std@@QBEABUElem_9e3b20@@I@Z,0x9b4780,0x18
??A?$vector@UElem_9e3b20@@V?$allocator@UElem_9e3b20@@@std@@@std@@QAEAAUElem_9e3b20@@I@Z,0x9b4780,0x18
?capacity@?$vector@UElem_9e3b60@@V?$allocator@UElem_9e3b60@@@std@@@std@@QBEIXZ,0x9c43d0,0x1e
?size@?$vector@UElem_9e3b60@@V?$allocator@UElem_9e3b60@@@std@@@std@@QBEIXZ,0x9b4900,0x1e
??A?$vector@UElem_9e3b60@@V?$allocator@UElem_9e3b60@@@std@@@std@@QBEABUElem_9e3b60@@I@Z,0x9b4920,0x1b
??A?$vector@UElem_9e3b60@@V?$allocator@UElem_9e3b60@@@std@@@std@@QAEAAUElem_9e3b60@@I@Z,0x9b4920,0x1b
?capacity@?$vector@UElem_9e3ba0@@V?$allocator@UElem_9e3ba0@@@std@@@std@@QBEIXZ,0x9c4600,0x1e
?size@?$vector@UElem_9e3ba0@@V?$allocator@UElem_9e3ba0@@@std@@@std@@QBEIXZ,0x9b4ae0,0x1e
??A?$vector@UElem_9e3ba0@@V?$allocator@UElem_9e3ba0@@@std@@@std@@QBEABUElem_9e3ba0@@I@Z,0x9b4b00,0x1b
??A?$vector@UElem_9e3ba0@@V?$allocator@UElem_9e3ba0@@@std@@@std@@QAEAAUElem_9e3ba0@@I@Z,0x9b4b00,0x1b
?capacity@?$vector@UElem_9e3be0@@V?$allocator@UElem_9e3be0@@@std@@@std@@QBEIXZ,0x9c4820,0x1e
?size@?$vector@UElem_9e3be0@@V?$allocator@UElem_9e3be0@@@std@@@std@@QBEIXZ,0x9b4cc0,0x1e
??A?$vector@UElem_9e3be0@@V?$allocator@UElem_9e3be0@@@std@@@std@@QBEABUElem_9e3be0@@I@Z,0x9e7ee0,0x18
??A?$vector@UElem_9e3be0@@V?$allocator@UElem_9e3be0@@@std@@@std@@QAEAAUElem_9e3be0@@I@Z,0x9e7ee0,0x18
?capacity@?$vector@UElem_9e3c40@@V?$allocator@UElem_9e3c40@@@std@@@std@@QBEIXZ,0x9c60a0,0x19
?size@?$vector@UElem_9e3c40@@V?$allocator@UElem_9e3c40@@@std@@@std@@QBEIXZ,0x9b5100,0x19
?capacity@?$vector@UElem_9e3c60@@V?$allocator@UElem_9e3c60@@@std@@@std@@QBEIXZ,0x9c60a0,0x19
?size@?$vector@UElem_9e3c60@@V?$allocator@UElem_9e3c60@@@std@@@std@@QBEIXZ,0x9b5100,0x19
?max_size@?$allocator@UElem_9e3800@@@std@@QBEIXZ,0x9cbec0,0x2c
?max_size@?$allocator@UElem_9e39f0@@@std@@QBEIXZ,0x9cbec0,0x2c
?max_size@?$allocator@UElem_9e3a60@@@std@@QBEIXZ,0x9cbec0,0x2c
?max_size@?$allocator@UElem_9e3a80@@@std@@QBEIXZ,0x9cbec0,0x2c
?max_size@?$allocator@UElem_9e3aa0@@@std@@QBEIXZ,0x9cbec0,0x2c
?max_size@?$allocator@UElem_9e3b20@@@std@@QBEIXZ,0x9cbab0,0x2c
?max_size@?$allocator@UElem_9e3b60@@@std@@QBEIXZ,0x9c9c30,0x2c
?max_size@?$allocator@UElem_9e3ba0@@@std@@QBEIXZ,0x9c9c80,0x2c
?max_size@?$allocator@UElem_9e3be0@@@std@@QBEIXZ,0x9c9cd0,0x2c
?max_size@?$allocator@UElem_9e3c40@@@std@@QBEIXZ,0x9cbec0,0x2c
?max_size@?$allocator@UElem_9e3c60@@@std@@QBEIXZ,0x9cbec0,0x2c
??E?$_Vector_const_iterator@V?$_Vector_val@UElem_9e3800@@V?$allocator@UElem_9e3800@@@std@@@std@@@std@@QAEAAV01@XZ,0x9fce10,0x1b
??E?$_Vector_const_iterator@V?$_Vector_val@UElem_9e3840@@V?$allocator@UElem_9e3840@@@std@@@std@@@std@@QAEAAV01@XZ,0x9fcdf0,0x1b
??E?$_Vector_const_iterator@V?$_Vector_val@UElem_9e39f0@@V?$allocator@UElem_9e39f0@@@std@@@std@@@std@@QAEAAV01@XZ,0x9fce10,0x1b
??E?$_Vector_const_iterator@V?$_Vector_val@UElem_9e3a60@@V?$allocator@UElem_9e3a60@@@std@@@std@@@std@@QAEAAV01@XZ,0x9fce10,0x1b
??E?$_Vector_const_iterator@V?$_Vector_val@UElem_9e3a80@@V?$allocator@UElem_9e3a80@@@std@@@std@@@std@@QAEAAV01@XZ,0x9fce10,0x1b
??E?$_Vector_const_iterator@V?$_Vector_val@UElem_9e3aa0@@V?$allocator@UElem_9e3aa0@@@std@@@std@@@std@@QAEAAV01@XZ,0x9fce10,0x1b
??E?$_Vector_const_iterator@V?$_Vector_val@UElem_9e3b20@@V?$allocator@UElem_9e3b20@@@std@@@std@@@std@@QAEAAV01@XZ,0x9ebb70,0x1b
??E?$_Vector_const_iterator@V?$_Vector_val@UElem_9e3c40@@V?$allocator@UElem_9e3c40@@@std@@@std@@@std@@QAEAAV01@XZ,0x9fce10,0x1b
??E?$_Vector_const_iterator@V?$_Vector_val@UElem_9e3c60@@V?$allocator@UElem_9e3c60@@@std@@@std@@@std@@QAEAAV01@XZ,0x9fce10,0x1b
??Y?$_Vector_const_iterator@V?$_Vector_val@UElem_9e3800@@V?$allocator@UElem_9e3800@@@std@@@std@@@std@@QAEAAV01@H@Z,0x9cc8f0,0x20
??Y?$_Vector_const_iterator@V?$_Vector_val@UElem_9e3840@@V?$allocator@UElem_9e3840@@@std@@@std@@@std@@QAEAAV01@H@Z,0x9eb580,0x20
??Y?$_Vector_const_iterator@V?$_Vector_val@UElem_9e39f0@@V?$allocator@UElem_9e39f0@@@std@@@std@@@std@@QAEAAV01@H@Z,0x9cc8f0,0x20
??Y?$_Vector_const_iterator@V?$_Vector_val@UElem_9e3a60@@V?$allocator@UElem_9e3a60@@@std@@@std@@@std@@QAEAAV01@H@Z,0x9cc8f0,0x20
??Y?$_Vector_const_iterator@V?$_Vector_val@UElem_9e3a80@@V?$allocator@UElem_9e3a80@@@std@@@std@@@std@@QAEAAV01@H@Z,0x9cc8f0,0x20
??Y?$_Vector_const_iterator@V?$_Vector_val@UElem_9e3aa0@@V?$allocator@UElem_9e3aa0@@@std@@@std@@@std@@QAEAAV01@H@Z,0x9cc8f0,0x20
??Y?$_Vector_const_iterator@V?$_Vector_val@UElem_9e3b20@@V?$allocator@UElem_9e3b20@@@std@@@std@@@std@@QAEAAV01@H@Z,0x9eb5c0,0x20
??Y?$_Vector_const_iterator@V?$_Vector_val@UElem_9e3b60@@V?$allocator@UElem_9e3b60@@@std@@@std@@@std@@QAEAAV01@H@Z,0x9cc830,0x23
??Y?$_Vector_const_iterator@V?$_Vector_val@UElem_9e3ba0@@V?$allocator@UElem_9e3ba0@@@std@@@std@@@std@@QAEAAV01@H@Z,0x9cc860,0x23
??Y?$_Vector_const_iterator@V?$_Vector_val@UElem_9e3be0@@V?$allocator@UElem_9e3be0@@@std@@@std@@@std@@QAEAAV01@H@Z,0x9cc890,0x20
??Y?$_Vector_const_iterator@V?$_Vector_val@UElem_9e3c40@@V?$allocator@UElem_9e3c40@@@std@@@std@@@std@@QAEAAV01@H@Z,0x9cc8f0,0x20
??Y?$_Vector_const_iterator@V?$_Vector_val@UElem_9e3c60@@V?$allocator@UElem_9e3c60@@@std@@@std@@@std@@QAEAAV01@H@Z,0x9cc8f0,0x20
??$_Allocate@UElem_9e3800@@@std@@YAPAUElem_9e3800@@IPAU1@@Z,0x9e6f80,0x5d
??$_Allocate@UElem_9e39f0@@@std@@YAPAUElem_9e39f0@@IPAU1@@Z,0x9e6f80,0x5d
??$_Allocate@UElem_9e3a60@@@std@@YAPAUElem_9e3a60@@IPAU1@@Z,0x9e6f80,0x5d
??$_Allocate@UElem_9e3a80@@@std@@YAPAUElem_9e3a80@@IPAU1@@Z,0x9e6f80,0x5d
??$_Allocate@UElem_9e3aa0@@@std@@YAPAUElem_9e3aa0@@IPAU1@@Z,0x9e6f80,0x5d
??$_Allocate@UElem_9e3b20@@@std@@YAPAUElem_9e3b20@@IPAU1@@Z,0x9e63b0,0x5d
??$_Allocate@UElem_9e3b60@@@std@@YAPAUElem_9e3b60@@IPAU1@@Z,0x9e6410,0x60
??$_Allocate@UElem_9e3ba0@@@std@@YAPAUElem_9e3ba0@@IPAU1@@Z,0x9e6470,0x60
??$_Allocate@UElem_9e3be0@@@std@@YAPAUElem_9e3be0@@IPAU1@@Z,0x9e64d0,0x5d
??$_Allocate@UElem_9e3c40@@@std@@YAPAUElem_9e3c40@@IPAU1@@Z,0x9e6f80,0x5d
??$_Allocate@UElem_9e3c60@@@std@@YAPAUElem_9e3c60@@IPAU1@@Z,0x9e6f80,0x5d
??_GE40_4ccdc0@@QAEPAXI@Z,0x9f5150,0x2d
??E?$_Vector_const_iterator@V?$_Vector_val@UE16_40b130@@V?$allocator@UE16_40b130@@@std@@@std@@@std@@QAEAAV01@XZ,0x9fce10,0x1b
??1Elem_9fca50@@QAE@XZ,0x9e7360,0x21
??_GElem_9b3da0@@QAEPAXI@Z,0x9ffe50,0x2d
??_GElem_425ae0@@QAEPAXI@Z,0x9ffe80,0x2d
??_GElem_4b9f00@@QAEPAXI@Z,0x9fff10,0x2d
??_GElem_4c1430@@QAEPAXI@Z,0x9e7600,0x2d
??_GElem_46e690@@QAEPAXI@Z,0x9e7390,0x2d
